Dispensary Name,Latitude,Longitude,Serves Medical Patients,BLS Region,City,Dispensary Name,Street Address
Aces Dispensary - Plainfield,41.6531,-88.20242,No,Chicago-Naperville-Elgin,Plainfield,Aces Dispensary - Plainfield,12627 S Route 59
Altius Dispensary,42.38082,-88.05793,No,Chicago-Naperville-Elgin,Round Lake Beach,Altius Dispensary,993 E Rollins Rd
Altius Dispensary - Carol Stream,41.8923,-88.10808,No,Chicago-Naperville-Elgin,Carol Stream,Altius Dispensary - Carol Stream,506 S Schmale Rd
Altius Dispensary - Orland Hills,41.60147,-87.84072,No,Chicago-Naperville-Elgin,Orland Hills,Altius Dispensary - Orland Hills,9101 159th St
Alton Dispensary,38.88828,-90.16492,No,"St. Louis, MO",Alton,Alton Dispensary,1400 E Broadway
Aroma Hill - Belvidere,42.23586,-88.82023,No,Rockford,Belvidere,Aroma Hill - Belvidere,1874 Crystal Parkway
Aroma Hill - Fox Lake,42.36962,-88.1705,No,Chicago-Naperville-Elgin,Fox Lake,Aroma Hill - Fox Lake,1298 US Highway 12
Aroma Hill - Hoffman Estates,42.0463,-88.14396,No,Chicago-Naperville-Elgin,Hoffman Estates,Aroma Hill - Hoffman Estates,1237 North Barrington Road
Aroma Hill - Kankakee,41.12019,-87.83235,No,Kankakee,Kankakee,Aroma Hill - Kankakee,2255 E Court St
Aroma Hill - Peoria,40.74705,-89.61131,No,Peoria,Peoria,Aroma Hill - Peoria,1210 W Glen Ave
Ascend - Collinsville,38.679272,-89.987068,Yes,"St. Louis, MO",Collinsville,Ascend - Collinsville,1014 Eastport Plaza Dr
Ascend - Springfield,39.800449,-89.649109,Yes,Springfield,Springfield,Ascend - Springfield,628 E Adams St
Ascend - Springfield Horizon Dr.,39.77354,-89.633713,No,Springfield,Springfield,Ascend - Springfield Horizon Dr.,3201 Horizon Dr.
Ascend by Homecoming,41.5966,-87.79453,No,Chicago-Naperville-Elgin,Tinley Park,Ascend by Homecoming,16200 Harlem Ave.
Ascend Cannabis Outlet by InLabs,41.90669,-87.90563,No,Chicago-Naperville-Elgin,Northlake,Ascend Cannabis Outlet by InLabs,39 W North Ave.
Ascend Chicago Ridge,41.703678,-87.77919,No,Chicago-Naperville-Elgin,Chicago Ridge,Ascend Chicago Ridge,9820 Ridgeland Ave
Ascend  Fairview Heights,38.592239,-89.996849,No,"St. Louis, MO",Fairview Heights,Ascend  Fairview Heights,114 Commerce Ln
Ascend Moca  Logan Square,41.92049,-87.699768,Yes,Chicago-Naperville-Elgin,Chicago,Ascend Moca  Logan Square,2367 N Milwaukee Ave.
Ascend Moca  River North,41.891171,-87.634354,No,Chicago-Naperville-Elgin,Chicago,Ascend Moca  River North,216 W. Ohio St.
Ash Ivy - Benton,37.99872,-88.93967,No,South Illinois Nonmetropolitan,Benton,Ash Ivy - Benton,9 N Rend Lake Plz
AuraLight - Aurora,41.7844,-88.3756,No,Chicago-Naperville-Elgin,Aurora,AuraLight - Aurora,1350 N Orchard Rd
Be Blue Island,41.66685,-87.6821,No,Chicago-Naperville-Elgin,Blue Island,Be Blue Island,12720 Western Ave
Be. - Oak Forest,41.60366,-87.76372,No,Chicago-Naperville-Elgin,Oak Forest,Be. - Oak Forest,5940 159th St
Beyond Hello  Bloomington Keaton Place,40.5013,-88.95216,No,Bloomington,Bloomington,Beyond Hello  Bloomington Keaton Place,118 Keaton Place
Beyond Hello  Sauget Mississippi Ave,38.648869,-90.133987,No,"St. Louis, MO",Sauget,Beyond Hello  Sauget Mississippi Ave,1401 Mississippi Ave. Ste. 17
Beyond/Hello - Peoria,40.78163,-89.66802,No,Peoria,Peoria,Beyond/Hello - Peoria,7620 N IL Rt 91
Beyond/Hello  Normal,40.51675,-88.98333,Yes,Bloomington,Normal,Beyond/Hello  Normal,501 W Northtown Rd
Beyond/Hello  Sauget,38.564121,-90.168579,Yes,"St. Louis, MO",Sauget,Beyond/Hello  Sauget,2021 Goose Lake Rd
Bisa Lina Carol Stream,41.90239,-88.09672,No,Chicago-Naperville-Elgin,Carol Stream,Bisa Lina Carol Stream,720 E North Ave
Bisa Lina Joliet,41.52314,-88.13243,No,Chicago-Naperville-Elgin,Joliet,Bisa Lina Joliet,2121 W Jefferson St
Bloc - Forest Park,41.88649,-87.80596,No,Chicago-Naperville-Elgin,Forest Park,Bloc - Forest Park,7216 Circle Ave
Bloc Dispensary - Antioch,42.4741,-88.09979,No,Chicago-Naperville-Elgin,Antioch,Bloc Dispensary - Antioch,417 E Il Route 173 Unit 106
Bloc Dispensary - Mattoon,39.47791,-88.37725,No,East Central IL Nonmetropolitan,Mattoon,Bloc Dispensary - Mattoon,511 Lake Land Blvd
Bloc Dispensary Berwyn,41.82612,-87.80104,No,Chicago-Naperville-Elgin,Berwyn,Bloc Dispensary Berwyn,7122 Ogden Ave
BLOC Dispensary Kedzie,41.94654,-87.7075,No,Chicago-Naperville-Elgin,Chicago,BLOC Dispensary Kedzie,3545 N Kedzie Ave
Bloc Dispensary Metropolis,37.16281,-88.68747,No,South Illinois Nonmetropolitan,Metropolis,Bloc Dispensary Metropolis,2125 E 5th St
Bloc Dispensary Northfield,42.09711,-87.79771,No,Chicago-Naperville-Elgin,Northfield,Bloc Dispensary Northfield,161 Waukegan Rd
Bloom Wellness - Normal,40.53331,-88.99263,No,Bloomington,Normal,Bloom Wellness - Normal,1730 Bradford Ln Ste 185
Bloom Wellness - Quincy,39.9386,-91.38595,Yes,West Central Illinois Nonmetropolitan,Quincy,Bloom Wellness - Quincy,4440 Broadway St Ste 1
Bloom Wellness - Quincy 2,39.93539,-91.34453,No,West Central Illinois Nonmetropolitan,Quincy,Bloom Wellness - Quincy 2,1837 Broadway St
Bloom Wellness- Hometown,41.73412,-87.72581,No,Chicago-Naperville-Elgin,Hometown,Bloom Wellness- Hometown,4140 Southwest Hwy
Blyss Dispensary,38.31024,-88.94102,No,South Illinois Nonmetropolitan,Mount Vernon,Blyss Dispensary,610B S 42nd St
Bridge City Collective East Dubuque,42.49347,-90.64512,No,Northwest Illinois nonmetropolitan area,East Dubuque,Bridge City Collective East Dubuque,122 Sinsinawa Ave
Bud & Rita's - The Loop,41.88203,-87.63124,No,Chicago-Naperville-Elgin,Chicago,Bud & Rita's - The Loop,105 W Madison St
Bud & Ritas - West Town,41.89623,-87.67524,No,Chicago-Naperville-Elgin,Chicago,Bud & Ritas - West Town,1914 W Chicago Ave
Bud and Ritas - Niles,42.01524,-87.77661,No,Chicago-Naperville-Elgin,Niles,Bud and Ritas - Niles,5960 W Touhy Ave
Bud and Ritas - Wadsworth,42.46741,-87.94635,No,Chicago-Naperville-Elgin,Wadsworth,Bud and Ritas - Wadsworth,41509 N US Highway 41
Bud and Ritas Chicago,41.93921,-87.7135,No,Chicago-Naperville-Elgin,Chicago,Bud and Ritas Chicago,3425 W Belmont Ave
Bud and Ritas Forsyth,39.92204,-88.95701,No,Decatur,Macon,Bud and Ritas Forsyth,1401 Hickory Point Dr.
Cannabist - Chicago,41.969872,-87.758629,Yes,Chicago-Naperville-Elgin,Chicago,Cannabist - Chicago,4758 N Milwaukee Ave
Cannabist - Villa Park,41.87746,-87.977249,No,Chicago-Naperville-Elgin,Villa Park,Cannabist - Villa Park,133 Roosevelt Rd.
Cannect Dispensary,41.93621,-87.8845,No,Chicago-Naperville-Elgin,Franklin Park,Cannect Dispensary,3147 Mannheim Rd
Cloud 9 - East Peoria,40.67379,-89.58121,No,Peoria,East Peoria,Cloud 9 - East Peoria,406 W Camp St.
Cloud 9 - Oswego,41.71903,-88.31628,No,Chicago-Naperville-Elgin,Oswego,Cloud 9 - Oswego,2420 US Highway 30
Cloud 9 Cannabis - Schaumburg,42.00338,-88.1257,No,Chicago-Naperville-Elgin,Schaumburg,Cloud 9 Cannabis - Schaumburg,1823 W Wise Rd.
Cloud9 - Champaign,40.14236,-88.2515,No,Champaign-Urbana,Champaign,Cloud9 - Champaign,505 W Town Center Blvd.
Cloud9 - Edwardsville,38.78459,-89.95777,No,"St. Louis, MO",Edwardsville,Cloud9 - Edwardsville,2341 Plum St
Cloudhaven - South Beloit,42.49193,-89.02158,No,Rockford,South Beloit,Cloudhaven - South Beloit,1322 Gardner St.
Consume - Oakbrook Terrace,41.87746,-87.977249,No,Chicago-Naperville-Elgin,Oakbrook Terrace,Consume - Oakbrook Terrace,1S130 Summit Ave.
Consume Antioch,42.49072,-88.09443,No,Chicago-Naperville-Elgin,Antioch,Consume Antioch,471 Main St
Consume Carbondale,37.72842,-89.21711,No,Carbondale-Marion,Carbondale,Consume Carbondale,201 E. Main Street
Consume Chicago,41.994659,-87.813988,Yes,Chicago-Naperville-Elgin,Chicago,Consume Chicago,6428 N Milwaukee Ave
Consume Marion,37.725739,-88.923538,Yes,East Central IL Nonmetropolitan,Marion,Consume Marion,8195 Express Dr
Consume St. Charles,41.90451,-88.33858,No,Chicago-Naperville-Elgin,St Charles,Consume St. Charles,584 S Randall Rd.
Cookies - Bloomington,40.48768,-89.04087,No,Bloomington,Bloomington,Cookies - Bloomington,1006 Jc Pkwy
Cookies - Chicago,41.88635,-87.64111,No,Chicago-Naperville-Elgin,Chicago,Cookies - Chicago,215 N Clinton St
Cookies - Peoria Heights,40.73685,-89.57711,No,Peoria,Peoria Heights,Cookies - Peoria Heights,1209 E War Memorial Dr
Cookies - Pontoon Beach,38.75004,-90.07197,No,"St. Louis, MO",Pontoon Beach,Cookies - Pontoon Beach,5111 State Route 111
Cookies Bolingbrook,41.69409,-88.10299,No,Chicago-Naperville-Elgin,Bolingbrook,Cookies Bolingbrook,190 S Weber Rd
Curaleaf  Deerfield,42.16922,-87.863632,Yes,Chicago-Naperville-Elgin,Deerfield,Curaleaf  Deerfield,677 Lake Cook Rd
Curaleaf  Justice,41.744541,-87.834267,Yes,Chicago-Naperville-Elgin,Justice,Curaleaf  Justice,8340 S Roberts Rd
Curaleaf  Lincoln Park,41.89859,-87.65892,No,Chicago-Naperville-Elgin,Chicago,Curaleaf  Lincoln Park,923 W. Weed St.
Curaleaf  Melrose Park,41.900928,-87.858192,No,Chicago-Naperville-Elgin,Melrose Park,Curaleaf  Melrose Park,1413 West North Ave.
Curaleaf  Morris,41.36549,-88.419434,Yes,Chicago-Naperville-Elgin,Morris,Curaleaf  Morris,2400 W US Route 6
Curaleaf New Lenox,41.51329,-87.94875,Yes,Chicago-Naperville-Elgin,New Lenox,Curaleaf New Lenox,705 E Lincoln Hwy.
Curaleaf  Northbrook,42.13925,-87.79151,No,Chicago-Naperville-Elgin,Northbrook,Curaleaf  Northbrook,755 Skokie Blvd.
Curaleaf  Skokie,42.06295,-87.74706,No,Chicago-Naperville-Elgin,Skokie,Curaleaf  Skokie,10000 Skokie Blvd
Curaleaf Westmont,41.790771,-87.97683,No,Chicago-Naperville-Elgin,Westmont,Curaleaf Westmont,11 E. Ogden Ave.
Curaleaf  Worth,41.691341,-87.791733,Yes,Chicago-Naperville-Elgin,Worth,Curaleaf  Worth,11425 S Harlem Ave
Dispensary 33,41.971512,-87.661819,Yes,Chicago-Naperville-Elgin,Chicago,Dispensary 33,5001 N Clark St
Dispensary 33 - Fulton Market,41.88472,-87.65628,No,Chicago-Naperville-Elgin,Chicago,Dispensary 33 - Fulton Market,1152 W. Randolph
Dr Greenthumbs Chicago,41.92243,-87.66915,No,Chicago-Naperville-Elgin,Chicago,Dr Greenthumbs Chicago,2200 N Ashland Ave
Dutchess - Lynwood,41.52297,-87.55769,No,Chicago-Naperville-Elgin,Lynwood,Dutchess - Lynwood,20513 Torrence Ave
Dutchess Cannabis - Batavia,41.84802,-88.33947,No,Chicago-Naperville-Elgin,Batavia,Dutchess Cannabis - Batavia,144 S Randall Rd
Dutchess Cannabis - Markham,41.59998,-87.69299,No,Chicago-Naperville-Elgin,Markham,Dutchess Cannabis - Markham,3063 W 159th St.
Dutchess Cannabis  Morton Grove,42.04032,-87.79474,No,Chicago-Naperville-Elgin,Morton Grove,Dutchess Cannabis  Morton Grove,6761 Dempster St
Dutchess Cannabis N. Riverside,41.85125,-87.83228,No,Chicago-Naperville-Elgin,North Riverside,Dutchess Cannabis N. Riverside,8380 W Cermak Rd
Dutchess Cannabis Oak Park,41.88886,-87.80427,Yes,Chicago-Naperville-Elgin,Oak Park,Dutchess Cannabis Oak Park,1132 Lake St
EarthMed,41.932129,-88.007408,Yes,Chicago-Naperville-Elgin,Addison,EarthMed,852 S Westgate St
Earthmed - McHenry,42.35231,-88.26777,No,Chicago-Naperville-Elgin,McHenry,Earthmed - McHenry,1711 N Richmond Rd.
Earthmed Rosemont,42.00893,-87.888649,No,Chicago-Naperville-Elgin,Rosemont,Earthmed Rosemont,10441 E. Touhy Ave.
Emerald - Island Lake,42.27008,-88.1875,No,Chicago-Naperville-Elgin,Island Lake,Emerald - Island Lake,660 E State Rd.
Excelleaf Dispensary,41.93122,-88.7506,No,Chicago-Naperville-Elgin,DeKalb,Excelleaf Dispensary,305 E Locust St
Goodies - Streamwood,42.01683,-88.14512,No,Chicago-Naperville-Elgin,Streamwood,Goodies - Streamwood,1594 Buttitta Dr
Grasshopper Club - South Loop,41.86801,-87.62376,No,Chicago-Naperville-Elgin,Chicago,Grasshopper Club - South Loop,58 E Roosevelt Rd Fl 1
Grasshopper Club Logan Square,41.92798,-87.70494,No,Chicago-Naperville-Elgin,Chicago,Grasshopper Club Logan Square,2551 N. Milwaukee Ave.
Green Releaf - Bourbonnais,41.17621,-87.85083,No,Kankakee,Bourbonnais,Green Releaf - Bourbonnais,1660 N State Route 50
Green Releaf - Villa Park,41.90614,-87.98619,No,Chicago-Naperville-Elgin,Villa Park,Green Releaf - Villa Park,305 W North Ave
Green Rose - Chicago,41.89293,-87.63401,No,Chicago-Naperville-Elgin,Chicago,Green Rose - Chicago,612 N. Wells St.
Green Rose - Harwood Heights,41.96552,-87.80749,No,Chicago-Naperville-Elgin,Harwood Heights,Green Rose - Harwood Heights,4660 N Harlem Ave
Green Rose - Lincolnwood,42.01512,-87.74529,No,Chicago-Naperville-Elgin,Lincolnwood,Green Rose - Lincolnwood,4656 W Touhy Ave
Green Temple,38.73357,-89.91544,No,"St. Louis, MO",Troy,Green Temple,904 Edwardsville Rd.
Greenlight Dispensary - Park City,42.34735,-87.88327,No,Chicago-Naperville-Elgin,Park City,Greenlight Dispensary - Park City,3331 Belvidere Rd Suites B C
Guaranteed Dispensary,41.89329,-87.62058,No,Chicago-Naperville-Elgin,Chicago,Guaranteed Dispensary,620 N Fairbanks Ct
Hatch Dispensary,41.932129,-88.007408,Yes,Chicago-Naperville-Elgin,Addison,Hatch Dispensary,1433 W Fullerton Ave Ste C
Hatch Dispensary  Wheeling,42.13361,-87.929398,No,Chicago-Naperville-Elgin,Wheeling,Hatch Dispensary  Wheeling,1500 E Lake Cook Rd
Herb Social,38.7301,-87.68294,No,East Central IL Nonmetropolitan,Lawrenceville,Herb Social,616 12th St.
Here and Now - Des Plaines,42.02752,-87.89354,No,Chicago-Naperville-Elgin,Des Plaines,Here and Now - Des Plaines,1587 Lee St.
Hi Five Crestwood,41.65017,-87.73876,No,Chicago-Naperville-Elgin,Crestwood,Hi Five Crestwood,13352 Cicero Ave
Hi Rise Dispensary,42.05792,-88.14376,No,Chicago-Naperville-Elgin,Hoffman Estates,Hi Rise Dispensary,1795 N Barrington Rd
High Haven Darien,41.74043,-87.97197,No,Chicago-Naperville-Elgin,Darien,High Haven Darien,8131 Cass Ave
High Haven Dispensary,40.50939,-88.95499,No,Bloomington,Normal,High Haven Dispensary,106 Mall Dr
High Haven Elgin,42.02897,-88.27615,No,Chicago-Naperville-Elgin,Elgin,High Haven Elgin,15 Clock Tower Plz
High Profile - Martinsville,39.36201,-87.88329,No,East Central IL Nonmetropolitan,Martinsville,High Profile - Martinsville,3001 N York St.
High Profile - Metropolis,37.16252,-88.70122,No,South Illinois Nonmetropolitan,Metropolis,High Profile - Metropolis,1801 E 5th St
High Profile Cannabis Shop,39.73934,-89.70497,No,Springfield,Springfield,High Profile Cannabis Shop,4211 Conestoga Dr
Ivy Hall - Bolingbrook,41.68972,-88.06892,No,Chicago-Naperville-Elgin,Bolingbrook,Ivy Hall - Bolingbrook,361 S Bolingbrook Dr
Ivy Hall - Crystal Lake,42.22763,-88.29678,No,Chicago-Naperville-Elgin,Crystal Lake,Ivy Hall - Crystal Lake,501 Pingree Rd.
Ivy Hall - Damen,41.91321,-87.67734,No,Chicago-Naperville-Elgin,Chicago,Ivy Hall - Damen,1720 N Damen Ave.
Ivy Hall - Edwardsville,38.82384,-89.97343,No,"St. Louis, MO",Edwardsville,Ivy Hall - Edwardsville,6197 Old Alton Edwardsville Rd
Ivy Hall - Glendale Heights,41.93694,-88.08078,No,Chicago-Naperville-Elgin,Glendale Heights,Ivy Hall - Glendale Heights,2130 Bloomingdale Rd Unit B
Ivy Hall - Logan Square,41.91732,-87.7061,No,Chicago-Naperville-Elgin,Chicago,Ivy Hall - Logan Square,3115 W Armitage Ave
Ivy Hall - Montgomery,41.72043,-88.37459,No,Chicago-Naperville-Elgin,Montgomery,Ivy Hall - Montgomery,1970 Caterpillar Dr
Ivy Hall - Peoria,40.77162,-89.65502,No,Peoria,Peoria,Ivy Hall - Peoria,3929 W. War Memorial Dr
Ivy Hall - Streamwood,42.02104,-88.20381,No,Chicago-Naperville-Elgin,Streamwood,Ivy Hall - Streamwood,630 S Sutton Rd
Ivy Hall Waukegan,42.34114,-87.89586,No,Chicago-Naperville-Elgin,Waukegan,Ivy Hall Waukegan,996 S Waukegan Rd.
Jane & Bud's - Elgin,42.02807,-88.33793,No,Chicago-Naperville-Elgin,Elgin,Jane & Bud's - Elgin,205 S Randall Rd
Karma Club,41.91067,-87.64929,No,Chicago-Naperville-Elgin,Chicago,Karma Club,1590 N Clybourn Ave
Key- Carbondale,37.72907,-89.20079,No,Carbondale-Marion,Carbondale,Key- Carbondale,1010 E Main St.
Kush21 - Jacksonville,39.72196,-90.24374,No,West Central Illinois Nonmetropolitan,Jacksonville,Kush21 - Jacksonville,1112 Veterans Dr
Lakeshore Cannabis Club,41.67083,-88.07348,No,Chicago-Naperville-Elgin,Romeoville,Lakeshore Cannabis Club,1335 Lakeside Dr Unit 4
Lux Leaf Dispensary,41.4998,-87.74937,No,Chicago-Naperville-Elgin,Matteson,Lux Leaf Dispensary,5539 Miller Circle Dr
Lyfe Dispensary,42.27074,-88.98431,No,Rockford,Rockford,Lyfe Dispensary,6774 Troy Dr
Maribis Of Chicago,41.809021,-87.710152,Yes,Chicago-Naperville-Elgin,Chicago,Maribis Of Chicago,4570 S Archer Ave
Maribis of Springfield,39.83602,-89.60368,Yes,Springfield,Springfield,Maribis of Springfield,2451 Denver Drive
Maribis of Springfield 2,39.78019,-89.681778,No,Springfield,Springfield,Maribis of Springfield 2,3025 Lindbergh Blvd
Maribis Westchester,41.852951,-87.886162,No,Chicago-Naperville-Elgin,Westchester,Maribis Westchester,1137 South Mannheim Road
Market 96 - Belleville,38.53737,-90.05314,No,"St. Louis, MO",Belleville,Market 96 - Belleville,7300 Twin Pyramid Pkwy
Market 96 - Owego,41.7034,-88.31651,No,Chicago-Naperville-Elgin,Oswego,Market 96 - Owego,1144 Douglas Rd.
Market 96 - S Wells Street,41.87537,-87.63336,No,Chicago-Naperville-Elgin,Chicago,Market 96 - S Wells Street,529 S Wells St Ste 100
Midway by Ascend,41.78471,-87.773376,Yes,Chicago-Naperville-Elgin,Chicago,Midway by Ascend,5648 S Archer Ave
Mint - Willowbrook,41.75357,-87.94398,No,Chicago-Naperville-Elgin,Willowbrook,Mint - Willowbrook,900 75th St
Mint Cannabis - Forest Park,41.8654,-87.80472,No,Chicago-Naperville-Elgin,Forest Park,Mint Cannabis - Forest Park,7207 Roosevelt Rd
Mint Cannabis - Villa Park,41.90663,-87.9706,No,Chicago-Naperville-Elgin,Villa Park,Mint Cannabis - Villa Park,310 E North Ave
Mission - Norridge,41.95872,-87.8064,No,Chicago-Naperville-Elgin,Norridge,Mission - Norridge,4113 N Harlem Ave
Mission Calumet City,41.614929,-87.550621,No,Chicago-Naperville-Elgin,Calumet City,Mission Calumet City,1330 Torrence Ave.
Mission Illinois,41.726379,-87.556877,Yes,Chicago-Naperville-Elgin,Chicago,Mission Illinois,8554 S Commercial Ave
Mood Shine Chicago Heights,41.50587,-87.66986,No,Chicago-Naperville-Elgin,Chicago Heights,Mood Shine Chicago Heights,628 W Lincoln Hwy
Mystic Greenz - Belleville,38.53413,-89.92892,No,"St. Louis, MO",Belleville,Mystic Greenz - Belleville,360 S Green Mount Rd
Mystic Greenz - Decatur,39.84513,-89.03858,No,Decatur,Decatur,Mystic Greenz - Decatur,5405 Indus. Dr.
Mystic Greenz - Lincoln,40.15824,-89.38937,No,West Central Illinois Nonmetropolitan,Lincoln,Mystic Greenz - Lincoln,1120 Woodlawn Rd
Mystic Greenz - Olive Branch,37.16739,-89.34728,No,"Cape Girardeau, MO",Olive Branch,Mystic Greenz - Olive Branch,26650 IL State Route 3
Namaste Wellness,41.77939,-87.85795,No,Chicago-Naperville-Elgin,Hodgkins,Namaste Wellness,6119 East Ave A
Natures Care Company,42.071678,-88.021538,Yes,Chicago-Naperville-Elgin,Rolling Meadows,Natures Care Company,975 Rohlwing Rd
Natures Treatment of Illinois - Galesburg,40.950729,-90.368889,No,West Central Illinois Nonmetropolitan,Galesburg,Natures Treatment of Illinois - Galesburg,735 W. Main St.
Natures Treatment of Illinois - Milan,41.417488,-90.574127,Yes,Davenport-Moline-Rock Island,Milan,Natures Treatment of Illinois - Milan,973 Tech Dr
NCC Chi-West Loop,41.88617,-87.64754,No,Chicago-Naperville-Elgin,Chicago,NCC Chi-West Loop,810 W. Randolph St.
Nirvana Dispensary Chicago,41.96855,-87.68664,No,Chicago-Naperville-Elgin,Chicago,Nirvana Dispensary Chicago,2301 W Lawrence Ave
Nirvana Dispensary Lake Zurich,42.18639,-88.095,No,Chicago-Naperville-Elgin,Zake Zurich,Nirvana Dispensary Lake Zurich,676 S Rand Rd
Nirvana Dispensary Mt. Carmel,38.4151,-87.76571,No,South Illinois Nonmetropolitan,Mount Carmel,Nirvana Dispensary Mt. Carmel,825 Chestnut St
Nirvana Dispensary Palatine,42.1537,-88.03669,No,Chicago-Naperville-Elgin,Palatine,Nirvana Dispensary Palatine,333 East Lake Cook Rd
NOBO,42.32227,-88.1672,No,Chicago-Naperville-Elgin,Lakemoor,NOBO,27500 IL 120
Noxx - East Peoria,40.66587,-89.58316,No,Peoria,East Peoria,Noxx - East Peoria,300 S Main St
NuEra - Dekalb,41.93049,-88.7686,No,Chicago-Naperville-Elgin,DeKalb,NuEra - Dekalb,818 W Lincoln Hwy Ste 7
NuEra Aurora,41.791649,-88.259178,No,Chicago-Naperville-Elgin,Aurora,NuEra Aurora,1415 Corporate Blvd.
NuEra Champaign,40.112671,-88.24292,No,Champaign-Urbana,Champaign,NuEra Champaign,102 E. Green St.
Nuera Chicago,41.91133,-87.66093,Yes,Chicago-Naperville-Elgin,Chicago,Nuera Chicago,1308 W North Ave
nuEra Chicago Southland,41.58293,-87.63724,No,Chicago-Naperville-Elgin,Harvey,nuEra Chicago Southland,16950 Halsted St.
Nuera East Dubuque,42.47763,-90.62191,No,Northwest Illinois nonmetropolitan area,East Dubuque,Nuera East Dubuque,20170 US Highway 20 W
Nuera East Peoria,40.685612,-89.541183,Yes,Peoria,East Peoria,Nuera East Peoria,504 Riverside Dr
NuEra Pekin,40.56443,-89.62883,No,Peoria,Pekin,NuEra Pekin,3249 Court St.
Nuera Urbana,40.107571,-88.211029,Yes,Champaign-Urbana,Urbana,Nuera Urbana,105 E University Ave
OKAY Cannabis - Wheeling,42.15232,-87.91348,No,Chicago-Naperville-Elgin,Wheeling,OKAY Cannabis - Wheeling,781 N Milwaukee Ave
OKAY Cannabis Dispensary - Evanston,42.0197,-87.67662,No,Chicago-Naperville-Elgin,Evanston,OKAY Cannabis Dispensary - Evanston,100 Chicago Ave
Parkway Dispensary - Tilton,40.08974,-87.63429,No,Danville,Tilton,Parkway Dispensary - Tilton,2 Donna Dr.
Parkway Forest Park,41.88008,-87.81118,No,Chicago-Naperville-Elgin,Forest Park,Parkway Forest Park,7432 Madison St.
Pekin Local Dispensary & Supply,40.56971,-89.64703,No,Peoria,Pekin,Pekin Local Dispensary & Supply,359 Court St.
Perception Cannabis,42.0095,-87.67441,No,Chicago-Naperville-Elgin,Chicago,Perception Cannabis,7000 N Clark St
Phili Dispensary,41.16326,-87.84759,No,Kankakee,Bourbonnais,Phili Dispensary,1300 Locke Dr.
Planet 13 - Waukegan,42.34654,-87.89983,No,Chicago-Naperville-Elgin,Waukegan,Planet 13 - Waukegan,4000 Northpoint Blvd
Prairie Cannabis - Naperville,41.79645,-88.20552,No,Chicago-Naperville-Elgin,Warrenville,Prairie Cannabis - Naperville,4S120 N Route 59
Prairie Cannabis South Loop,41.86751,-87.64317,No,Chicago-Naperville-Elgin,Chicago,Prairie Cannabis South Loop,622 W Roosevelt Rd
Redemption Botanicals - Fox Lake,42.39594,-88.17873,No,Chicago-Naperville-Elgin,Fox lake,Redemption Botanicals - Fox Lake,107 Towne Centre Ln 31
Revolution Dispensary - Mt. Prospect,42.058529,-87.94072,Yes,Chicago-Naperville-Elgin,Mt Prospect,Revolution Dispensary - Mt. Prospect,2015 E Euclid Ave
Revolution Dispensary - Normal,40.53162,-88.99943,No,Bloomington,Normal,Revolution Dispensary - Normal,1609 Northbrook Dr
Revolution Dispensary Schaumburg,42.052132,-88.047821,No,Chicago-Naperville-Elgin,Schaumburg,Revolution Dispensary Schaumburg,820 E. Golf Rd.
Rise - Canton,40.556808,-90.026962,Yes,West Central Illinois Nonmetropolitan,Canton,Rise - Canton,3104 N Main St
Rise - Effingham,39.118469,-88.561592,Yes,East Central IL Nonmetropolitan,Effingham,Rise - Effingham,1011 Ford Ave Ste C
Rise - Joliet  Colorado Ave,41.536797,-88.169388,No,Chicago-Naperville-Elgin,Joliet,Rise - Joliet  Colorado Ave,2903 Colorado Ave.
Rise - Joliet  Rock Creek,41.49132,-88.1724,Yes,Chicago-Naperville-Elgin,Joliet,Rise - Joliet  Rock Creek,1627 Rock Creek Blvd
Rise - Mundelein,42.26223,-88.010002,Yes,Chicago-Naperville-Elgin,Mundelein,Rise - Mundelein,1325 Armour Blvd
Rise - Naperville,41.765789,-88.149422,Yes,Chicago-Naperville-Elgin,Naperville,Rise - Naperville,1700 Quincy Ave Ste 103
Rise - Niles,42.032188,-87.816643,No,Chicago-Naperville-Elgin,Niles,Rise - Niles,9621 N Milwaukee Ave.
Rise - Quincy,39.930561,-91.388252,No,West Central Illinois Nonmetropolitan,Quincy,Rise - Quincy,2703 Broadway St
Rise Charleston,39.486591,-88.173927,No,East Central IL Nonmetropolitan,Charleston,Rise Charleston,909 Lincoln Ave.
Rise  Lake in the Hills,42.18713,-88.34729,No,Chicago-Naperville-Elgin,Lake In The Hills,Rise  Lake in the Hills,270 N Randall Rd
River Bluff Cannabis,41.97084,-88.11495,No,Chicago-Naperville-Elgin,Roselle,River Bluff Cannabis,1350 Lake St.
Seven Point - Danville,40.12091,-87.54127,No,Danville,Danville,Seven Point - Danville,380 Eastgate Dr.
Shangri La Dispensary,39.76078,-89.60621,No,Springfield,Springfield,Shangri La Dispensary,3128 S Dirksen Pkwy
SHARE - Springfield,39.75154,-89.64391,No,Springfield,Springfield,SHARE - Springfield,3600 S 6th Street Rd
Smokehouse Fox Lake,42.39368,-88.18439,No,Chicago-Naperville-Elgin,Fox Lake,Smokehouse Fox Lake,44 S US Highway 12
Snap Canna - Elk Grove Vilage,42.02797,-87.97504,No,Chicago-Naperville-Elgin,Elk Grove Village,Snap Canna - Elk Grove Vilage,840 E. Higgins Rd.
Snap Canna - Pontiac,40.87303,-88.66572,No,West Central Illinois Nonmetropolitan,Pontiac,Snap Canna - Pontiac,1910 W Reynolds St Unit A
Sociale Park Ridge,41.98734,-87.84003,No,Chicago-Naperville-Elgin,Park Ridge,Sociale Park Ridge,1036 Higgins Rd
Spark'd - Crystal Lake,42.25053,-88.28761,No,Chicago-Naperville-Elgin,Crystal Lake,Spark'd - Crystal Lake,330 State Route 31
Spark'd - Richmond,42.46741,-88.30591,No,Chicago-Naperville-Elgin,Richmond,Spark'd - Richmond,9705 Prairie Ridge
Spark'd Wicker Park,41.90408,-87.66784,No,Chicago-Naperville-Elgin,Chicago,Spark'd Wicker Park,1212 N Ashland Ave
Sparkd Dispensary - South Loop,41.85375,-87.62593,No,Chicago-Naperville-Elgin,Chicago,Sparkd Dispensary - South Loop,2114 S Wabash Ave
Sparkd  Winthrop Harbor,42.47758,-87.82366,No,Chicago-Naperville-Elgin,Winthrop Harbor,Sparkd  Winthrop Harbor,935 Sheridan Rd
Starbuds - Riverside,41.84185,-87.80374,No,Chicago-Naperville-Elgin,Riverside,Starbuds - Riverside,2704 Harlem Ave
Starbuds - Summit,41.79287,-87.802,No,Chicago-Naperville-Elgin,Summit,Starbuds - Summit,5436 S Harlem Ave
Starbuds Hoffman Estates,42.04905,-88.07909,No,Chicago-Naperville-Elgin,Hoffman Estates,Starbuds Hoffman Estates,5 E Golf Rd
Starbuds WM,41.80992,-87.97909,No,Chicago-Naperville-Elgin,Westmont,Starbuds WM,101 W Ogden Ave
Starbuds-Burbank,41.74998,-87.74181,No,Chicago-Naperville-Elgin,Burbank,Starbuds-Burbank,7844 S Cicero Ave
Stash - Peru,41.35848,-89.12319,No,Northwest Illinois nonmetropolitan area,Peru,Stash - Peru,1320 38th St
Stash - Richton Park,41.4856,-87.71493,No,Chicago-Naperville-Elgin,Richton Park,Stash - Richton Park,22214 Governors Hwy
Stash Orland Hills,41.58614,-87.85076,No,Chicago-Naperville-Elgin,Orland Hills,Stash Orland Hills,9545 167th St.
Stashouse - Maryville,38.70528,-89.95879,No,"St. Louis, MO",Collinsville,Stashouse - Maryville,2533 Vandalia St
Stashouse - Moline,41.47332,-90.47403,No,Davenport-Moline-Rock Island,Moline,Stashouse - Moline,4301 44th Ave
Sunnyside - Buffalo Grove,42.159401,-87.96328,Yes,Chicago-Naperville-Elgin,Buffalo Grove,Sunnyside - Buffalo Grove,830 Milwaukee Ave
Sunnyside - Champaign,40.112671,-88.24292,Yes,Champaign-Urbana,Champaign,Sunnyside - Champaign,1704 S Neil St Ste C
Sunnyside - Chi-River North,41.89032,-87.63142,No,Chicago-Naperville-Elgin,Chicago,Sunnyside - Chi-River North,436 N. Clark St.
Sunnyside - Danville,40.211197,-87.674477,No,Danville,Danville,Sunnyside - Danville,369 Lynch Dr.
Sunnyside - Elmwood Park,41.922359,-87.807732,Yes,Peoria,Elmwood Park,Sunnyside - Elmwood Park,7955 W Grand Ave
Sunnyside - Rockford,42.279171,-89.025818,Yes,Rockford,Rockford,Sunnyside - Rockford,2696 McFarland Rd
Sunnyside - Schaumburg,42.052132,-88.047821,No,Chicago-Naperville-Elgin,Schaumburg,Sunnyside - Schaumburg,1739 E. Golf Rd.
Sunnyside - South Beloit,42.481899,-89.025414,No,Rockford,South Beloit,Sunnyside - South Beloit,7000 First Ranger Dr.
Sunnyside - Wrigleyville,41.939968,-87.652168,Yes,Chicago-Naperville-Elgin,Chicago,Sunnyside - Wrigleyville,3524 N. Clark St.
Sunnyside  Naperville,41.707722,-88.199921,No,Chicago-Naperville-Elgin,Naperville,Sunnyside  Naperville,2740 W 75th St
Supergood Store,42.06526,-87.90866,No,Chicago-Naperville-Elgin,Des Plaines,Supergood Store,660 N. Wolf Rd.
Sway,41.94329,-87.64963,No,Chicago-Naperville-Elgin,Chicago,Sway,3340 N Halsted St.
Terrabis - Dixon,41.82689,-89.47526,No,Northwest Illinois nonmetropolitan area,Dixon,Terrabis - Dixon,1679 S Galena Ave.
Terrabis - Grayville,38.24338,-87.99788,No,South Illinois Nonmetropolitan,Grayville,Terrabis - Grayville,105 Koehler St.
Terrabis - Mundelein,42.2848,-8804791,No,Chicago-Naperville-Elgin,Mundelein,Terrabis - Mundelein,3210 W II Route 60
Terrabis - Woodstock,42.31064,-88.43188,No,Chicago-Naperville-Elgin,Woodstock,Terrabis - Woodstock,601 S Eastwood Dr
Terrabis Plainfield,41.59068,-88.20214,No,Chicago-Naperville-Elgin,Plainfield,Terrabis Plainfield,16020 S Route 59
Terrace - Alton,38.88826,-90.16488,No,"St. Louis, MO",Alton,Terrace - Alton,1400 E Broadway
Terrace Cannabis - Milan,41.44502,-90.54146,No,Davenport-Moline-Rock Island,Milan,Terrace Cannabis - Milan,800 Tech Dr
Terrace Moline,41.49276,-90.49793,No,Davenport-Moline-Rock Island,Moline,Terrace Moline,2727 Avenue of the Cities
The Cannaisseur - Wood River,38.860898,-90.097034,No,Chicago-Naperville-Elgin,Wood River,The Cannaisseur - Wood River,40 E Ferguson Ave
The Carbondale Dispensary,37.72793,-89.20753,No,Carbondale-Marion,Carbondale,The Carbondale Dispensary,613 E Main St.
The Dispensary,41.85714,-90.150642,Yes,West Central Illinois Nonmetropolitan,Fulton,The Dispensary,1801 16th Ave
The Dispensary Champaign,40.12023,-88.2787,No,Champaign-Urbana,Champaign,The Dispensary Champaign,1826 Glenn Park Dr
The Dispensary  East Dubuque,42.485909,-90.605461,No,Northwest Illinois nonmetropolitan area,East Dubuque,The Dispensary  East Dubuque,1709 Il Route 35 N
The Happy Cannabis Company - Rockford,42.213741,-89.045242,Yes,Rockford,Rockford,The Happy Cannabis Company - Rockford,4777 Stenstrom Rd
The Happy Cannabis Company  Loves Park,42.32592,-89.022881,No,Rockford,Loves Park,The Happy Cannabis Company  Loves Park,4120 N Bell School Rd
Thrive - Casey,39.31021,-87.98764,No,East Central IL Nonmetropolitan,Casey,Thrive - Casey,912 N Route 49
Thrive Anna,37.459629,-89.214493,Yes,South Illinois Nonmetropolitan,Anna,Thrive Anna,87 Richview Drive
Thrive Dispensary - Mt. Vernon,38.323872,-88.904037,No,South Illinois Nonmetropolitan,Mount Vernon,Thrive Dispensary - Mt. Vernon,800 S 45th St
Thrive Harrisburg,37.72205,-88.545067,Yes,South Illinois Nonmetropolitan,Harrisburg,Thrive Harrisburg,105 N Veterans Drive
Thrive Metropolis,37.181862,-88.723419,No,South Illinois Nonmetropolitan,Metropolis,Thrive Metropolis,1551 E. 5th St.
Tree Haus - Diamond,41.29034,-88.2412,No,Chicago-Naperville-Elgin,Diamond,Tree Haus - Diamond,2910 E. Division St
Tree Haus Morris,41.39228,-88.42345,No,Chicago-Naperville-Elgin,Morris,Tree Haus Morris,50 Gore Rd
Trinity Compassionate Care Center,40.757019,-89.610451,No,Peoria,Peoria,Trinity Compassionate Care Center,2301 W. Glen Ave.
Trinity Compassionate Care Centers,40.710159,-89.63549,Yes,Peoria,Peoria,Trinity Compassionate Care Centers,3125 N University St Ste B
Tru Essence Arlington Heights,42.10787,-87.97007,No,Chicago-Naperville-Elgin,Arlington Heights,Tru Essence Arlington Heights,792 E Rand Rd.
UMI - Chicago,41.92924,-87.65315,No,Chicago-Naperville-Elgin,Chicago,UMI - Chicago,2575 N Lincoln Ave.
Verilife Arlington Heights,42.064308,-87.98304,Yes,Chicago-Naperville-Elgin,Arlington Heights,Verilife Arlington Heights,1816 S Arlington Heights Rd
Verilife  Chicago River North,41.89594,-87.63048,No,Chicago-Naperville-Elgin,Chicago,Verilife  Chicago River North,60 W Superior St
Verilife  Galena,42.412529,-90.397057,No,Northwest Illinois nonmetropolitan area,Galena,Verilife  Galena,115 Perry St.
Verilife North Aurora,41.80766,-88.337252,Yes,Chicago-Naperville-Elgin,North Aurora,Verilife North Aurora,2080 West Orchard Rd
Verilife Ottawa,41.349312,-88.844193,Yes,Northwest Illinois nonmetropolitan area,Ottawa,Verilife Ottawa,4100 Columbus St
Verilife Romeoville,41.63947,-88.12626,Yes,Chicago-Naperville-Elgin,Romeoville,Verilife Romeoville,412 N Weber Rd
Verilife  Rosemont,42.00893,-87.888649,No,Chicago-Naperville-Elgin,Rosemont,Verilife  Rosemont,5540 Park Pl
Verilife  Schaumburg,42.03458,-88.116608,No,Chicago-Naperville-Elgin,Schaumburg,Verilife  Schaumburg,150 N Barrington Rd
Vertical Dispensary,42.20864,-88.23464,no,Chicago-Naperville-Elgin,Cary,Vertical Dispensary,20 Northwest Hwy
Vertical People Dispensary,36.99901,-89.16389,No,"Cape Girardeau, MO",Cairo,Vertical People Dispensary,300 Washington Ave.
Village Bucktown,41.92229,-87.67555,No,Chicago-Naperville-Elgin,Chicago,Village Bucktown,1850 W Webster Ave
Village Dispensary - Godfrey,38.92386,-90.18262,No,"St. Louis, MO",Alton,Village Dispensary - Godfrey,110 Homer M Adams Pkwy
Viola CHI,41.86408,-87.85149,No,Chicago-Naperville-Elgin,Broadview,Viola CHI,1516 W Roosevelt Rd.
Windy City Cannabis - Litchfield,39.178619,-89.654663,Yes,West Central Illinois Nonmetropolitan,Litchfield,Windy City Cannabis - Litchfield,719 W Union Ave
Windy City Cannabis  Carpentersville,42.121529,-88.275726,No,Chicago-Naperville-Elgin,Carpentersville,Windy City Cannabis  Carpentersville,125 S Western Ave
Windy City Cannabis  Highwood,42.20475,-87.812431,No,Chicago-Naperville-Elgin,Highwood,Windy City Cannabis  Highwood,260 Green Bay Rd.
Windy City Cannabis Homewood,41.557419,-87.663582,Yes,Chicago-Naperville-Elgin,Homewood,Windy City Cannabis Homewood,1137 W. 175th St
Windy City Cannabis  Macomb,40.45649,-90.669296,No,West Central Illinois Nonmetropolitan,Macomb,Windy City Cannabis  Macomb,518 W Jackson St
Windy City Cannabis Posen,41.628429,-87.68721,Yes,Chicago-Naperville-Elgin,Posen,Windy City Cannabis Posen,2535 Veterans Dr
Zen Leaf - West Loop,41.882488,-87.642761,No,Chicago-Naperville-Elgin,Chicago,Zen Leaf - West Loop,222 S Halsted St
Zen Leaf Evanston,42.054428,-87.693428,Yes,Chicago-Naperville-Elgin,Evanston,Zen Leaf Evanston,1804 Maple Ave
Zen Leaf Highland Park,42.19051,-87.82722,Yes,Chicago-Naperville-Elgin,Highland Park,Zen Leaf Highland Park,2030 Skokie Valley Rd
Zen Leaf Naperville,41.792278,-88.167747,No,Chicago-Naperville-Elgin,Naperville,Zen Leaf Naperville,"1516 N. Naper Blvd, Spc 100"
Zen Leaf Prospect Heights,42.096058,-87.922798,No,Chicago-Naperville-Elgin,Prospect Heights,Zen Leaf Prospect Heights,1434 N Rand Rd.
Zen Leaf Rogers Park,42.009659,-87.667953,Yes,Chicago-Naperville-Elgin,Chicago,Zen Leaf Rogers Park,7305 N Rogers Ave
Zen Leaf St. Charles,41.921181,-88.305168,Yes,Chicago-Naperville-Elgin,Saint Charles,Zen Leaf St. Charles,3691 E. Main St.
ZenLeaf - Aurora,41.745041,-88.241249,No,Chicago-Naperville-Elgin,Aurora,ZenLeaf - Aurora,740 IL Rte 59
ZenLeaf  Lombard,41.870789,-88.014877,No,Chicago-Naperville-Elgin,Lombard,ZenLeaf  Lombard,783 Butterfield Rd.
ZenLeaf Pilsen,41.851841,-87.667221,Yes,Chicago-Naperville-Elgin,Chicago,ZenLeaf Pilsen,1301 S Western Ave
