license_number,legal_name,trade_name,store_type,address,city,region,postal_code,country,latitude,longitude,official_website,regulator_url,license_status,operational_status,coordinates_source,coordinates_confidence,location_evidence
DA-23-00001,"Cannabus, LLC",Potomac Holistics,OTHER_REGULATED_POINT,14808 Physicians Lane Suite 211 Rockville Maryland 20850,,Montgomery,,US,39.0996,-77.2109,https://potomacholistics.com/,https://cannabis.maryland.gov/Pages/Data-Dashboard.aspx,UNKNOWN_STATUS,UNKNOWN_STATUS,OFFICIAL_MCA_DATA_DASHBOARD,PROVEN,STRONG
DA-23-00002,"Southern Maryland Relief, LLC",Story Cannabis - Mechanicsville,OTHER_REGULATED_POINT,28105 Three Notch Road Mechanicsville Maryland 20659,,St. Mary's,,US,38.4396,-76.7333,https://storycannabis.com/dispensary-locations/maryland/mechanicsville-md/,https://cannabis.maryland.gov/Pages/Data-Dashboard.aspx,UNKNOWN_STATUS,UNKNOWN_STATUS,OFFICIAL_MCA_DATA_DASHBOARD,PROVEN,STRONG
DA-23-00004,"Maryland Wellness Access, LLC",Remedy - Columbia,OTHER_REGULATED_POINT,8865 Stanford Blvd. Unit 131 Columbia Maryland 21045,,Howard,,US,39.1912,-76.8181,https://remedymaryland.com/locations/maryland/columbia-dispensary/,https://cannabis.maryland.gov/Pages/Data-Dashboard.aspx,UNKNOWN_STATUS,UNKNOWN_STATUS,OFFICIAL_MCA_DATA_DASHBOARD,PROVEN,STRONG
DA-23-00005,"Maryland Compassionate Care & Wellness, LLC",Curaleaf - Frederick,OTHER_REGULATED_POINT,5420 Urbana Pike Frederick Maryland 21704,,Frederick,,US,39.3804,-77.3995,https://curaleaf.com/shop/maryland/curaleaf-dispensary-md-frederick,https://cannabis.maryland.gov/Pages/Data-Dashboard.aspx,UNKNOWN_STATUS,UNKNOWN_STATUS,OFFICIAL_MCA_DATA_DASHBOARD,PROVEN,STRONG
DA-23-00006,"Nature's Care & Wellness, LLC",Nature's Care & Wellness,OTHER_REGULATED_POINT,4925 Pulaski Highway Suite A Perryville Maryland 21903,,Cecil,,US,39.5778,-76.0506,https://ncwmedical.com/,https://cannabis.maryland.gov/Pages/Data-Dashboard.aspx,UNKNOWN_STATUS,UNKNOWN_STATUS,OFFICIAL_MCA_DATA_DASHBOARD,PROVEN,STRONG
DA-23-00007,"MIMD Operating 1, LLC",Cookies Baltimore,OTHER_REGULATED_POINT,35 E. Cross Street Baltimore Maryland 21230,,Baltimore City,,US,39.2766,-76.6131,https://baltimore.cookies.co/,https://cannabis.maryland.gov/Pages/Data-Dashboard.aspx,UNKNOWN_STATUS,UNKNOWN_STATUS,OFFICIAL_MCA_DATA_DASHBOARD,PROVEN,STRONG
DA-23-00008,"Trulieve MD, LLC",Trulieve - Rockville,OTHER_REGULATED_POINT,12200 Rockville Pike Rockville Maryland 20852,,Montgomery,,US,39.0583,-77.1208,https://www.trulieve.com/dispensaries/rockville-md,https://cannabis.maryland.gov/Pages/Data-Dashboard.aspx,UNKNOWN_STATUS,UNKNOWN_STATUS,OFFICIAL_MCA_DATA_DASHBOARD,PROVEN,STRONG
DA-23-00009,"Maryleaf, LLC",Bloom Medicinals,OTHER_REGULATED_POINT,11530 Middlebrook Road Germantown Maryland 20876,,Montgomery,,US,39.1794,-77.2402,https://bloommedicinals.com/maryland/germantown-dispensary-md/,https://cannabis.maryland.gov/Pages/Data-Dashboard.aspx,UNKNOWN_STATUS,UNKNOWN_STATUS,OFFICIAL_MCA_DATA_DASHBOARD,PROVEN,STRONG
DA-23-00010,"Freestate Wellness, LLC",Zen Leaf - Elkridge,OTHER_REGULATED_POINT,6000 Marshalee Drive Elkridge Maryland 21075,,Howard,,US,39.2114,-76.7781,https://zenleafdispensaries.com/locations/elkridge/,https://cannabis.maryland.gov/Pages/Data-Dashboard.aspx,UNKNOWN_STATUS,UNKNOWN_STATUS,OFFICIAL_MCA_DATA_DASHBOARD,PROVEN,STRONG
DA-23-00011,"MCNA Wellness, LLC",Haven Cannabis Dispensary,OTHER_REGULATED_POINT,15300 Robert Crain Highway Brandywine Maryland 20613,,Prince George's,,US,38.6796,-76.8739,https://www.findinghaven.com/,https://cannabis.maryland.gov/Pages/Data-Dashboard.aspx,UNKNOWN_STATUS,UNKNOWN_STATUS,OFFICIAL_MCA_DATA_DASHBOARD,PROVEN,STRONG
DA-23-00012,"Positive Energy, LLC",Positive Energy Dispensary,OTHER_REGULATED_POINT,9939 Jerry Mack Road Suite 500 Ocean City Maryland 21842,,Worcester,,US,38.3379,-75.1348,https://www.positiveenergyoc.com/,https://cannabis.maryland.gov/Pages/Data-Dashboard.aspx,UNKNOWN_STATUS,UNKNOWN_STATUS,OFFICIAL_MCA_DATA_DASHBOARD,PROVEN,STRONG
DA-23-00013,"Alternative Medicine Maryland, LLC",Green Point Dispensary - Linthicum,OTHER_REGULATED_POINT,823 A Elkridge Landing Road Linthicum Maryland 21090,,Anne Arundel,,US,39.192,-76.6717,https://www.gpwellness.com/linthicum-menu,https://cannabis.maryland.gov/Pages/Data-Dashboard.aspx,UNKNOWN_STATUS,UNKNOWN_STATUS,OFFICIAL_MCA_DATA_DASHBOARD,PROVEN,STRONG
DA-23-00015,"Curaleaf MD, LLC",Curaleaf - Reisterstown,OTHER_REGULATED_POINT,11722 Reisterstown Road Reisterstown Maryland 21136,,Baltimore,,US,39.4447,-76.8119,https://curaleaf.com/shop/maryland/curaleaf-md-reisterstown,https://cannabis.maryland.gov/Pages/Data-Dashboard.aspx,UNKNOWN_STATUS,UNKNOWN_STATUS,OFFICIAL_MCA_DATA_DASHBOARD,PROVEN,STRONG
DA-23-00017,"Oc botanicals, LLC",Hi-Tide Dispensary,OTHER_REGULATED_POINT,12524 Ocean Gateway Unit 100 Ocean City Maryland 21842,,Worcester,,US,38.337,-75.1139,https://ochitide.com,https://cannabis.maryland.gov/Pages/Data-Dashboard.aspx,UNKNOWN_STATUS,UNKNOWN_STATUS,OFFICIAL_MCA_DATA_DASHBOARD,PROVEN,STRONG
DA-23-00018,"Curaleaf Columbia, LLC",Curaleaf - Columbia,OTHER_REGULATED_POINT,7090 Deepage Drive Columbia Maryland 21045,,Howard,,US,39.1762,-76.8396,https://curaleaf.com/shop/maryland/curaleaf-md-columbia,https://cannabis.maryland.gov/Pages/Data-Dashboard.aspx,UNKNOWN_STATUS,UNKNOWN_STATUS,OFFICIAL_MCA_DATA_DASHBOARD,PROVEN,STRONG
DA-23-00019,"Trulieve MD, LLC",Trulieve - Lutherville,OTHER_REGULATED_POINT,1526 York Road Lutherville Maryland 21093,,Baltimore,,US,39.4221,-76.6178,https://www.trulieve.com/dispensaries/lutherville-md,https://cannabis.maryland.gov/Pages/Data-Dashboard.aspx,UNKNOWN_STATUS,UNKNOWN_STATUS,OFFICIAL_MCA_DATA_DASHBOARD,PROVEN,STRONG
DA-23-00020,"Canna Cuzzos, LLC",Story Cannabis - Waldorf,OTHER_REGULATED_POINT,2290 Old Washington Road Suite 12383 Waldorf Maryland 20601,,Charles,,US,38.6464,-76.8848,https://storycannabis.com/dispensary-locations/maryland/waldorf-md/,https://cannabis.maryland.gov/Pages/Data-Dashboard.aspx,UNKNOWN_STATUS,UNKNOWN_STATUS,OFFICIAL_MCA_DATA_DASHBOARD,PROVEN,STRONG
DA-23-00021,"Cannamd, LLC",Releaf Shop,OTHER_REGULATED_POINT,1114 Cathedral Street Baltimore Maryland 21201,,Baltimore City,,US,39.302,-76.6183,https://www.releaf-shop.com/,https://cannabis.maryland.gov/Pages/Data-Dashboard.aspx,UNKNOWN_STATUS,UNKNOWN_STATUS,OFFICIAL_MCA_DATA_DASHBOARD,PROVEN,STRONG
DA-23-00022,"Peake Releaf, LLC",Peake Releaf,OTHER_REGULATED_POINT,2001 Chapman Ave. Rockville Maryland 20852,,Montgomery,,US,39.0586,-77.119,https://www.peakereleaf.com/,https://cannabis.maryland.gov/Pages/Data-Dashboard.aspx,UNKNOWN_STATUS,UNKNOWN_STATUS,OFFICIAL_MCA_DATA_DASHBOARD,PROVEN,STRONG
DA-23-00023,"M2C2, LLC",Herbafi,OTHER_REGULATED_POINT,8413 Ramsey Avenue Silver Spring Maryland 20910,,Montgomery,,US,38.9936,-77.0291,https://www.herbafi.com/,https://cannabis.maryland.gov/Pages/Data-Dashboard.aspx,UNKNOWN_STATUS,UNKNOWN_STATUS,OFFICIAL_MCA_DATA_DASHBOARD,PROVEN,STRONG
DA-23-00025,"Trulieve MD, LLC",Trulieve - Halethorpe,OTHER_REGULATED_POINT,3531 Washington Blvd. Suite 112 Halethorpe Maryland 21227,,Baltimore,,US,39.2507,-76.6683,https://www.trulieve.com/dispensaries/halethorpe-md,https://cannabis.maryland.gov/Pages/Data-Dashboard.aspx,UNKNOWN_STATUS,UNKNOWN_STATUS,OFFICIAL_MCA_DATA_DASHBOARD,PROVEN,STRONG
DA-23-00026,"Blair Wellness Center, LLC",Blair Wellness Center,OTHER_REGULATED_POINT,5806 York Road Baltimore Maryland 21212,,Baltimore City,,US,39.361,-76.6102,https://blairwellness.com/,https://cannabis.maryland.gov/Pages/Data-Dashboard.aspx,UNKNOWN_STATUS,UNKNOWN_STATUS,OFFICIAL_MCA_DATA_DASHBOARD,PROVEN,STRONG
DA-23-00027,"Blue Mountain Care, LLC",Ascend Dispensary - Aberdeen,OTHER_REGULATED_POINT,226 South Philadelphia Ave. Aberdeen Maryland 21001,,Harford,,US,39.506,-76.1663,https://letsascend.com/locations/maryland/aberdeen/,https://cannabis.maryland.gov/Pages/Data-Dashboard.aspx,UNKNOWN_STATUS,UNKNOWN_STATUS,OFFICIAL_MCA_DATA_DASHBOARD,PROVEN,STRONG
DA-23-00029,"Baltimore41, LLC",Storehouse Baltimore,OTHER_REGULATED_POINT,5730 Falls Road Baltimore Maryland 21209,,Baltimore City,,US,39.3663,-76.648,https://www.storehousemd.com/,https://cannabis.maryland.gov/Pages/Data-Dashboard.aspx,UNKNOWN_STATUS,UNKNOWN_STATUS,OFFICIAL_MCA_DATA_DASHBOARD,PROVEN,STRONG
DA-23-00030,"MI Health, LLC",Curaleaf - Gaithersburg,OTHER_REGULATED_POINT,10011 Stedwick Road Gaithersburg Maryland 20886,,Montgomery,,US,39.1707,-77.2073,https://curaleaf.com/shop/maryland/curaleaf-md-gaithersburg-montgomery-village,https://cannabis.maryland.gov/Pages/Data-Dashboard.aspx,UNKNOWN_STATUS,UNKNOWN_STATUS,OFFICIAL_MCA_DATA_DASHBOARD,PROVEN,STRONG
DA-23-00033,"Premium Medicine of Maryland, LLC",Story Cannabis - Silver Spring,OTHER_REGULATED_POINT,12355 Georgia Ave. Silver Spring Maryland 20906,,Montgomery,,US,39.0125,-77.0416,https://storycannabis.com/dispensary-locations/maryland/silver-spring-md/,https://cannabis.maryland.gov/Pages/Data-Dashboard.aspx,UNKNOWN_STATUS,UNKNOWN_STATUS,OFFICIAL_MCA_DATA_DASHBOARD,PROVEN,STRONG
DA-23-00034,"The Apothecary, LLC",Grow West Cannabis Company,OTHER_REGULATED_POINT,213 South Walnut Place Cumberland Maryland 21502,,Allegany,,US,39.6345,-78.7658,https://www.growwestmd.com/dispensary/,https://cannabis.maryland.gov/Pages/Data-Dashboard.aspx,UNKNOWN_STATUS,UNKNOWN_STATUS,OFFICIAL_MCA_DATA_DASHBOARD,PROVEN,STRONG
DA-23-00035,"Wright Wellness Group, LLC.",Salvera,OTHER_REGULATED_POINT,4201 Northview Drive Bowie Maryland 20716,,Prince George's,,US,38.9476,-76.7371,https://www.salveramd.com/about/,https://cannabis.maryland.gov/Pages/Data-Dashboard.aspx,UNKNOWN_STATUS,UNKNOWN_STATUS,OFFICIAL_MCA_DATA_DASHBOARD,PROVEN,STRONG
DA-23-00036,"Jova Wellness Center, LLC",Jova Wellness Center,OTHER_REGULATED_POINT,5846 Allentown Way Temple Hills Maryland 20748,,Prince George's,,US,38.8014,-76.9081,https://www.jovawellness.com/,https://cannabis.maryland.gov/Pages/Data-Dashboard.aspx,UNKNOWN_STATUS,UNKNOWN_STATUS,OFFICIAL_MCA_DATA_DASHBOARD,PROVEN,STRONG
DA-23-00037,"Tilstar, LLC",Sunburst Pharm,OTHER_REGULATED_POINT,603 Meteor Avenue Cambridge Maryland 21613,,Dorchester,,US,38.5633,-76.064,https://sunburstpharm.com/,https://cannabis.maryland.gov/Pages/Data-Dashboard.aspx,UNKNOWN_STATUS,UNKNOWN_STATUS,OFFICIAL_MCA_DATA_DASHBOARD,PROVEN,STRONG
DA-23-00038,"B1 Earthgroup, LLC",Sweetspot Dispensary,OTHER_REGULATED_POINT,18070 Georgia Avenue Olney Maryland 20832,,Montgomery,,US,39.1524,-77.0678,https://sweetspotfarms.com/store/md001,https://cannabis.maryland.gov/Pages/Data-Dashboard.aspx,UNKNOWN_STATUS,UNKNOWN_STATUS,OFFICIAL_MCA_DATA_DASHBOARD,PROVEN,STRONG
DA-23-00040,"Chesapeake Integrated Health Institute, LLC",Green Goods - Baltimore (Hampden),OTHER_REGULATED_POINT,3907 Falls Road Baltimore Maryland 21211,,Baltimore City,,US,39.3355,-76.6361,https://visitgreengoods.com/locations/baltimore-hampden-md/,https://cannabis.maryland.gov/Pages/Data-Dashboard.aspx,UNKNOWN_STATUS,UNKNOWN_STATUS,OFFICIAL_MCA_DATA_DASHBOARD,PROVEN,STRONG
DA-23-00041,"Maryland Alternative Relief, LLC",Green Goods - Rockville,OTHER_REGULATED_POINT,14348 Layhill Rd. Silver Spring Maryland 20902,,Montgomery,,US,39.1072,-77.0839,https://visitgreengoods.com/locations/rockville-md/,https://cannabis.maryland.gov/Pages/Data-Dashboard.aspx,UNKNOWN_STATUS,UNKNOWN_STATUS,OFFICIAL_MCA_DATA_DASHBOARD,PROVEN,STRONG
DA-23-00043,"Dld enterprises, Inc",Verilife - Westminster,OTHER_REGULATED_POINT,700 Corporate Center Ct Suite K Westminster Maryland 21157,,Carroll,,US,39.5939,-76.9977,https://www.verilife.com/md/locations/westminster,https://cannabis.maryland.gov/Pages/Data-Dashboard.aspx,UNKNOWN_STATUS,UNKNOWN_STATUS,OFFICIAL_MCA_DATA_DASHBOARD,PROVEN,STRONG
DA-23-00044,"Mikran, LLC",Zen Leaf - Germantown,OTHER_REGULATED_POINT,13007 Wisteria Dr Unit 28-29 Germantown Maryland 20874,,Montgomery,,US,39.1789,-77.2705,https://zenleafdispensaries.com/locations/germantown/,https://cannabis.maryland.gov/Pages/Data-Dashboard.aspx,UNKNOWN_STATUS,UNKNOWN_STATUS,OFFICIAL_MCA_DATA_DASHBOARD,PROVEN,STRONG
DA-23-00045,"Revolution Maryland Retail, LLC",Enlightened Dispensary,OTHER_REGULATED_POINT,3111 Emmorton Road Abingdon Maryland 21009,,Harford,,US,39.4756,-76.3089,https://www.revcanna.com/,https://cannabis.maryland.gov/Pages/Data-Dashboard.aspx,UNKNOWN_STATUS,UNKNOWN_STATUS,OFFICIAL_MCA_DATA_DASHBOARD,PROVEN,STRONG
DA-23-00046,"Maryland Physician Partners, LLC",Ritual Dispensary,OTHER_REGULATED_POINT,7010 Ritchie Highway Suite 901 Glen Burnie Maryland 21061,,Anne Arundel,,US,39.1752,-76.5454,https://ritualdispensary.com/,https://cannabis.maryland.gov/Pages/Data-Dashboard.aspx,UNKNOWN_STATUS,UNKNOWN_STATUS,OFFICIAL_MCA_DATA_DASHBOARD,PROVEN,STRONG
DA-23-00047,"Maryland Natural Treatment Solutions, LLC",Zen Leaf - Pasadena,OTHER_REGULATED_POINT,16 Magothy Beach Rd Pasadena Maryland 21122,,Anne Arundel,,US,39.1217,-76.5173,https://zenleafdispensaries.com/locations/pasadena/,https://cannabis.maryland.gov/Pages/Data-Dashboard.aspx,UNKNOWN_STATUS,UNKNOWN_STATUS,OFFICIAL_MCA_DATA_DASHBOARD,PROVEN,STRONG
DA-23-00048,"Bethesda Biomedical, Inc",Waave Cannabis,OTHER_REGULATED_POINT,7327 Hanover Pkwy Greenbelt Maryland 20770,,Prince George's,,US,38.9891,-76.8757,https://www.mdwaave.com/,https://cannabis.maryland.gov/Pages/Data-Dashboard.aspx,UNKNOWN_STATUS,UNKNOWN_STATUS,OFFICIAL_MCA_DATA_DASHBOARD,PROVEN,STRONG
DA-23-00050,"Bloomworks Wellness, LLC",Sweet Buds Dispensary,OTHER_REGULATED_POINT,5312 New Design Rd Frederick Maryland 21703,,Frederick,,US,39.3801,-77.4232,https://mysweetbuds.com/,https://cannabis.maryland.gov/Pages/Data-Dashboard.aspx,UNKNOWN_STATUS,UNKNOWN_STATUS,OFFICIAL_MCA_DATA_DASHBOARD,PROVEN,STRONG
DA-23-00051,"Derby1, LLC",The Apothecarium Dispensary - Salisbury,OTHER_REGULATED_POINT,1003 Mt. Hermon Rd. Salisbury Maryland 21804,,Wicomico,,US,38.3681,-75.5772,https://dispensary.peninsulamd.com/,https://cannabis.maryland.gov/Pages/Data-Dashboard.aspx,UNKNOWN_STATUS,UNKNOWN_STATUS,OFFICIAL_MCA_DATA_DASHBOARD,PROVEN,STRONG
DA-23-00052,"Kind Therapeutics USA, LLC",Thrive Dispensary - Annapolis,OTHER_REGULATED_POINT,2061 Generals Highway Annapolis Maryland 21401,,Anne Arundel,,US,38.9927,-76.5493,https://www.thrivedispensaries.com/dispensary/annapolis-md/medical,https://cannabis.maryland.gov/Pages/Data-Dashboard.aspx,UNKNOWN_STATUS,UNKNOWN_STATUS,OFFICIAL_MCA_DATA_DASHBOARD,PROVEN,STRONG
DA-23-00053,"PharmaCann of MD, LLC",Verilife - Rockville,OTHER_REGULATED_POINT,11300 Georgia Avenue Silver Spring Maryland 20902,,Montgomery,,US,39.0417,-77.0518,https://www.verilife.com/md/locations/silver-spring,https://cannabis.maryland.gov/Pages/Data-Dashboard.aspx,UNKNOWN_STATUS,UNKNOWN_STATUS,OFFICIAL_MCA_DATA_DASHBOARD,PROVEN,STRONG
DA-23-00054,"Evermore Cannabis Company, LLC",The Living Room,OTHER_REGULATED_POINT,1636 Reisterstown Road Pikesville Maryland 21208,,Baltimore,,US,39.3795,-76.7286,https://www.thelvrm.com/,https://cannabis.maryland.gov/Pages/Data-Dashboard.aspx,UNKNOWN_STATUS,UNKNOWN_STATUS,OFFICIAL_MCA_DATA_DASHBOARD,PROVEN,STRONG
DA-23-00055,"Hippocratic Growth Holdings, LLC",Ash + Ember,OTHER_REGULATED_POINT,202 Pullman Crossing Rd. Grasonville Maryland 21638,,Queen Anne's,,US,38.9615,-76.2136,https://ashembercannabis.com/,https://cannabis.maryland.gov/Pages/Data-Dashboard.aspx,UNKNOWN_STATUS,UNKNOWN_STATUS,OFFICIAL_MCA_DATA_DASHBOARD,PROVEN,STRONG
DA-23-00056,"Medical Products and Services, Inc",Liberty Cannabis - Baltimore,OTHER_REGULATED_POINT,3317 Keswick Road Baltimore Maryland 21211,,Baltimore City,,US,39.3276,-76.6275,https://libertycannabis.com/locations/maryland/baltimore/,https://cannabis.maryland.gov/Pages/Data-Dashboard.aspx,UNKNOWN_STATUS,UNKNOWN_STATUS,OFFICIAL_MCA_DATA_DASHBOARD,PROVEN,STRONG
DA-23-00058,"Holistic Industries, LLC",Liberty Cannabis - Rockville,OTHER_REGULATED_POINT,12001 Nebel Street Rockville Maryland 20852,,Montgomery,,US,39.0512,-77.1092,https://libertycannabis.com/shop/rockville/,https://cannabis.maryland.gov/Pages/Data-Dashboard.aspx,UNKNOWN_STATUS,UNKNOWN_STATUS,OFFICIAL_MCA_DATA_DASHBOARD,PROVEN,STRONG
DA-23-00059,"Altpharm, LLC",Liberty Cannabis - Oxon Hill,OTHER_REGULATED_POINT,6144 Oxon Hill Rd. Oxon Hill Maryland 20745,,Prince George's,,US,38.8047,-76.9794,https://libertycannabis.com/locations/maryland/oxon-hill/,https://cannabis.maryland.gov/Pages/Data-Dashboard.aspx,UNKNOWN_STATUS,UNKNOWN_STATUS,OFFICIAL_MCA_DATA_DASHBOARD,PROVEN,STRONG
DA-23-00061,"Budding rose, LLC",Health for Life - Bethesda,OTHER_REGULATED_POINT,4909 Fairmont Avenue Bethesda Maryland 20814,,Montgomery,,US,38.989,-77.0953,https://healthforlifedispensaries.com/maryland/bethesda/,https://cannabis.maryland.gov/Pages/Data-Dashboard.aspx,UNKNOWN_STATUS,UNKNOWN_STATUS,OFFICIAL_MCA_DATA_DASHBOARD,PROVEN,STRONG
DA-23-00062,"Greenmart of Maryland, LLC",Health for Life - Baltimore,OTHER_REGULATED_POINT,6807 Rolling Mill Rd. Baltimore Maryland 21224,,Baltimore,,US,39.2972,-76.5289,https://healthforlifedispensaries.com/maryland/baltimore/,https://cannabis.maryland.gov/Pages/Data-Dashboard.aspx,UNKNOWN_STATUS,UNKNOWN_STATUS,OFFICIAL_MCA_DATA_DASHBOARD,PROVEN,STRONG
DA-23-00063,Lms Wellness,Health for Life - White Marsh,OTHER_REGULATED_POINT,4741 Ridge Rd. Nottingham Maryland 21236,,Baltimore,,US,39.3625,-76.4913,https://healthforlifedispensaries.com/maryland/white-marsh/,https://cannabis.maryland.gov/Pages/Data-Dashboard.aspx,UNKNOWN_STATUS,UNKNOWN_STATUS,OFFICIAL_MCA_DATA_DASHBOARD,PROVEN,STRONG
DA-23-00064,"MGTM, LLC",Greenlight Therapeutics,OTHER_REGULATED_POINT,782 State Route 3 N Gambrills Maryland 21054,,Anne Arundel,,US,39.0477,-76.6643,https://www.greenlighttherapeutics.com/our-menu/,https://cannabis.maryland.gov/Pages/Data-Dashboard.aspx,UNKNOWN_STATUS,UNKNOWN_STATUS,OFFICIAL_MCA_DATA_DASHBOARD,PROVEN,STRONG
DA-23-00065,"Metropolitan Medicinals, Inc",Chesapeake Apothecary North - Clinton,OTHER_REGULATED_POINT,9135 Piscataway Road Suite 100 Clinton Maryland 20735,,Prince George's,,US,38.7653,-76.9031,https://www.chesapeakeapothecary.com/menu-clinton-chesapeakenorth/,https://cannabis.maryland.gov/Pages/Data-Dashboard.aspx,UNKNOWN_STATUS,UNKNOWN_STATUS,OFFICIAL_MCA_DATA_DASHBOARD,PROVEN,STRONG
DA-23-00066,"Wellness Institute of Maryland, LLC",gLeaf - Frederick,OTHER_REGULATED_POINT,4606 Wedgewood Blvd. Frederick Maryland 21703,,Frederick,,US,39.3621,-77.4246,https://gleaf.com/frederick-maryland-menu/,https://cannabis.maryland.gov/Pages/Data-Dashboard.aspx,UNKNOWN_STATUS,UNKNOWN_STATUS,OFFICIAL_MCA_DATA_DASHBOARD,PROVEN,STRONG
DA-23-00067,"GTI Maryland, LLC",RISE - Silver Spring,OTHER_REGULATED_POINT,7900 Fenton Street Silver Springs Maryland 20910,,Montgomery,,US,38.9892,-77.0242,https://risecannabis.com/dispensaries/maryland/silver-spring/,https://cannabis.maryland.gov/Pages/Data-Dashboard.aspx,UNKNOWN_STATUS,UNKNOWN_STATUS,OFFICIAL_MCA_DATA_DASHBOARD,PROVEN,STRONG
DA-23-00068,"Culta Dispensary Group, LLC",Culta - Ellicott City,OTHER_REGULATED_POINT,6695 Dobbin Rd. Suite 110 Columbia Maryland 21045,,Howard,,US,39.1863,-76.8251,https://www.culta.com/location/columbia,https://cannabis.maryland.gov/Pages/Data-Dashboard.aspx,UNKNOWN_STATUS,UNKNOWN_STATUS,OFFICIAL_MCA_DATA_DASHBOARD,PROVEN,STRONG
DA-23-00069,"Chesapeake Alternatives, LLC",RISE - Bethesda,OTHER_REGULATED_POINT,10401 Old Georgetown Road Suite 210 Bethesda Maryland 20814,,Montgomery,,US,39.0266,-77.1252,https://risecannabis.com/dispensaries/maryland/bethesda/,https://cannabis.maryland.gov/Pages/Data-Dashboard.aspx,UNKNOWN_STATUS,UNKNOWN_STATUS,OFFICIAL_MCA_DATA_DASHBOARD,PROVEN,STRONG
DA-23-00070,"Vireo of Charm City, LLC",Green Goods - Baltimore (Dundalk),OTHER_REGULATED_POINT,717 North Point Boulevard Baltimore Maryland 21224,,Baltimore,,US,39.2917,-76.5124,https://visitgreengoods.com/locations/baltimore-md/,https://cannabis.maryland.gov/Pages/Data-Dashboard.aspx,UNKNOWN_STATUS,UNKNOWN_STATUS,OFFICIAL_MCA_DATA_DASHBOARD,PROVEN,STRONG
DA-23-00071,"Freestate Partners, LLC",Revolution Releaf,OTHER_REGULATED_POINT,9994 Washington Blvd. N Laurel Maryland 20723,,Howard,,US,39.1112,-76.8367,https://www.revolutionreleaf.com/,https://cannabis.maryland.gov/Pages/Data-Dashboard.aspx,UNKNOWN_STATUS,UNKNOWN_STATUS,OFFICIAL_MCA_DATA_DASHBOARD,PROVEN,STRONG
DA-23-00072,"Far & Dotter CC, LLC",Pharmkent,OTHER_REGULATED_POINT,330 E. Pulaski Highway Elkton Maryland 21921,,Cecil,,US,39.5977,-75.8174,https://fardotter.com/?location=pharmkent,https://cannabis.maryland.gov/Pages/Data-Dashboard.aspx,UNKNOWN_STATUS,UNKNOWN_STATUS,OFFICIAL_MCA_DATA_DASHBOARD,PROVEN,STRONG
DA-23-00073,"Herbiculture, Inc",The Apothecarium Dispensary - Burtonsville,OTHER_REGULATED_POINT,"4009 Sandy Spring Rd, Unit 101 Burtonsville Maryland 20866",,Montgomery,,US,39.1111,-76.9278,https://herbiculture.com/,https://cannabis.maryland.gov/Pages/Data-Dashboard.aspx,UNKNOWN_STATUS,UNKNOWN_STATUS,OFFICIAL_MCA_DATA_DASHBOARD,PROVEN,STRONG
DA-23-00074,"Hallaway, LLC",Starbuds Baltimore,OTHER_REGULATED_POINT,5975 Belair Road Baltimore Maryland 21206,,Baltimore City,,US,39.3471,-76.539,https://shop.starbuds.us/,https://cannabis.maryland.gov/Pages/Data-Dashboard.aspx,UNKNOWN_STATUS,UNKNOWN_STATUS,OFFICIAL_MCA_DATA_DASHBOARD,PROVEN,STRONG
DA-23-00075,"Curio Dispensary BC, LLC",Far & Dotter,OTHER_REGULATED_POINT,2060-A York Road Timonium Maryland 21093,,Baltimore,,US,39.4414,-76.6266,https://fardotter.com/,https://cannabis.maryland.gov/Pages/Data-Dashboard.aspx,UNKNOWN_STATUS,UNKNOWN_STATUS,OFFICIAL_MCA_DATA_DASHBOARD,PROVEN,STRONG
DA-23-00076,"Chesapeake apothecary, LLC",Chesapeake Apothecary - White Plains,OTHER_REGULATED_POINT,4781 Crain Highway Suite A White Plains Maryland 20695,,Charles,,US,38.5814,-76.9561,https://http://www.chesapeakeapothecary.com/,https://cannabis.maryland.gov/Pages/Data-Dashboard.aspx,UNKNOWN_STATUS,UNKNOWN_STATUS,OFFICIAL_MCA_DATA_DASHBOARD,PROVEN,STRONG
DA-23-00077,"Culta Dispensary Group, LLC",Culta - Federal Hill,OTHER_REGULATED_POINT,215 Key Highway Baltimore Maryland 21230,,Baltimore City,,US,39.2805,-76.6103,https://www.culta.io/location/baltimore,https://cannabis.maryland.gov/Pages/Data-Dashboard.aspx,UNKNOWN_STATUS,UNKNOWN_STATUS,OFFICIAL_MCA_DATA_DASHBOARD,PROVEN,STRONG
DA-23-00078,"Meshow, LLC",RISE - Joppa,OTHER_REGULATED_POINT,702 Pulaski Hwy Joppa Maryland 21085,,Harford,,US,39.4299,-76.3524,https://risecannabis.com/dispensaries/maryland/joppa/,https://cannabis.maryland.gov/Pages/Data-Dashboard.aspx,UNKNOWN_STATUS,UNKNOWN_STATUS,OFFICIAL_MCA_DATA_DASHBOARD,PROVEN,STRONG
DA-23-00079,"Chesapeake Health Sciences, LLC",Mana - Middle River,OTHER_REGULATED_POINT,100 Carroll Island Rd. Middleriver Maryland 21220,,Baltimore,,US,39.3378,-76.4002,https://manasupply.com/,https://cannabis.maryland.gov/Pages/Data-Dashboard.aspx,UNKNOWN_STATUS,UNKNOWN_STATUS,OFFICIAL_MCA_DATA_DASHBOARD,PROVEN,STRONG
DA-23-00080,"Cannavations MD, LLC",Kip Dispensary,OTHER_REGULATED_POINT,9 Cranbrook Rd. Cockeysville Maryland 21030,,Baltimore,,US,39.4632,-76.635,https://kipcan.com/,https://cannabis.maryland.gov/Pages/Data-Dashboard.aspx,UNKNOWN_STATUS,UNKNOWN_STATUS,OFFICIAL_MCA_DATA_DASHBOARD,PROVEN,STRONG
DA-23-00081,"Cha enterprises, Inc",Mary & Main,OTHER_REGULATED_POINT,8801 Hampton Mall Drive N. Capitol Heights Maryland 20743,,Prince George's,,US,38.8891,-76.8527,https://maryandmain.com/,https://cannabis.maryland.gov/Pages/Data-Dashboard.aspx,UNKNOWN_STATUS,UNKNOWN_STATUS,OFFICIAL_MCA_DATA_DASHBOARD,PROVEN,STRONG
DA-23-00082,"Evolution Wellness, LLC",Mana - Edgewater,OTHER_REGULATED_POINT,3005 Solomons Island Road Edgewater Maryland 21037,,Anne Arundel,,US,38.9446,-76.5597,https://manasupply.com/shop/edgewater-maryland/,https://cannabis.maryland.gov/Pages/Data-Dashboard.aspx,UNKNOWN_STATUS,UNKNOWN_STATUS,OFFICIAL_MCA_DATA_DASHBOARD,PROVEN,STRONG
DA-23-00083,Four Green fields,Four Green Fields,OTHER_REGULATED_POINT,3518 Conowingo Road Street Maryland 21154,,Harford,,US,39.6351,-76.2701,https://www.fourgreenfieldsllc.com/,https://cannabis.maryland.gov/Pages/Data-Dashboard.aspx,UNKNOWN_STATUS,UNKNOWN_STATUS,OFFICIAL_MCA_DATA_DASHBOARD,PROVEN,STRONG
DA-23-00084,"Advanced Alternative Therapies, Inc",Goldleaf,OTHER_REGULATED_POINT,2029 West Street Annapolis Maryland 21401,,Anne Arundel,,US,38.9827,-76.5345,https://goldleafmd.com/,https://cannabis.maryland.gov/Pages/Data-Dashboard.aspx,UNKNOWN_STATUS,UNKNOWN_STATUS,OFFICIAL_MCA_DATA_DASHBOARD,PROVEN,STRONG
DA-23-00085,"Blue ridge Wellness, LLC",The Apothecarium Dispensary - Nottingham,OTHER_REGULATED_POINT,8241 Perry Hall Blvd. Nottingham Maryland 21236,,Baltimore,,US,39.3777,-76.4714,https://blueridgewellnessmd.com/,https://cannabis.maryland.gov/Pages/Data-Dashboard.aspx,UNKNOWN_STATUS,UNKNOWN_STATUS,OFFICIAL_MCA_DATA_DASHBOARD,PROVEN,STRONG
DA-23-00086,"GTI Maryland, LLC",RISE - Hagerstown,OTHER_REGULATED_POINT,1571 Wesel Blvd Hagerstown Maryland 21740,,Washington,,US,39.6341,-77.7564,https://risecannabis.com/dispensaries/maryland/hagerstown/,https://cannabis.maryland.gov/Pages/Data-Dashboard.aspx,UNKNOWN_STATUS,UNKNOWN_STATUS,OFFICIAL_MCA_DATA_DASHBOARD,PROVEN,STRONG
DA-23-00087,"Columbia Care MD, LLC",Columbia Care,OTHER_REGULATED_POINT,4609 Willow Ln Chevy Chase Maryland 20815,,Montgomery,,US,38.9823,-77.0876,https://cannabistcompany.com/,https://cannabis.maryland.gov/Pages/Data-Dashboard.aspx,UNKNOWN_STATUS,UNKNOWN_STATUS,OFFICIAL_MCA_DATA_DASHBOARD,PROVEN,STRONG
DA-23-00088,"Mission Maryland, LLC",Summit Wellness Cannabis Dispensary,OTHER_REGULATED_POINT,6328 Baltimore National Pike Catonsville Maryland 21228,,Baltimore,,US,39.2845,-76.7555,https://catonsville.ethoscannabis.com/stores/mission-catonsville,https://cannabis.maryland.gov/Pages/Data-Dashboard.aspx,UNKNOWN_STATUS,UNKNOWN_STATUS,OFFICIAL_MCA_DATA_DASHBOARD,PROVEN,STRONG
DA-23-00089,"Charm city Relief Partners, LLC",Nirvana - Rosedale,OTHER_REGULATED_POINT,8803 Pulaski Hwy Rosedale Maryland 21237,,Baltimore,,US,39.3382,-76.4803,https://www.nirvanacenter.com/maryland/rosedale,https://cannabis.maryland.gov/Pages/Data-Dashboard.aspx,UNKNOWN_STATUS,UNKNOWN_STATUS,OFFICIAL_MCA_DATA_DASHBOARD,PROVEN,STRONG
DA-23-00090,"Mybond, LLC",The Dispensary,OTHER_REGULATED_POINT,330 140 Village Rd Westminster Maryland 21157,,Carroll,,US,39.564,-76.9799,https://www.thedispensarymd.com/,https://cannabis.maryland.gov/Pages/Data-Dashboard.aspx,UNKNOWN_STATUS,UNKNOWN_STATUS,OFFICIAL_MCA_DATA_DASHBOARD,PROVEN,STRONG
DA-23-00092,"Sugarloaf enterprises, LLC",gLeaf - Rockville,OTHER_REGULATED_POINT,808 Hungerford Dr Rockville Maryland 20850,,Montgomery,,US,39.0944,-77.1532,https://gleaf.com/rockville-maryland/,https://cannabis.maryland.gov/Pages/Data-Dashboard.aspx,UNKNOWN_STATUS,UNKNOWN_STATUS,OFFICIAL_MCA_DATA_DASHBOARD,PROVEN,STRONG
DA-23-00093,"MaryMed, LLC",Green Goods - Frederick,OTHER_REGULATED_POINT,1080 West Patrick Street Frederick Maryland 21703,,Frederick,,US,39.4162,-77.4455,https://visitgreengoods.com/locations/frederick-md/,https://cannabis.maryland.gov/Pages/Data-Dashboard.aspx,UNKNOWN_STATUS,UNKNOWN_STATUS,OFFICIAL_MCA_DATA_DASHBOARD,PROVEN,STRONG
DA-23-00094,"Culta Dispensary Group, LLC",Kannavis,OTHER_REGULATED_POINT,8709 Fingerboard Road Frederick Maryland 21704,,Frederick,,US,39.3247,-77.3545,https://www.culta.io/location/frederick,https://cannabis.maryland.gov/Pages/Data-Dashboard.aspx,UNKNOWN_STATUS,UNKNOWN_STATUS,OFFICIAL_MCA_DATA_DASHBOARD,PROVEN,STRONG
DA-23-00095,"Greenlabs, Inc",GreenLabs,OTHER_REGULATED_POINT,1522 Eastern Ave Baltimore Maryland 21231,,Baltimore City,,US,39.2856,-76.596,https://greenlabsmd.com/,https://cannabis.maryland.gov/Pages/Data-Dashboard.aspx,UNKNOWN_STATUS,UNKNOWN_STATUS,OFFICIAL_MCA_DATA_DASHBOARD,PROVEN,STRONG
DA-23-00096,"CannaPharmacy Maryland, LLC",Story Cannabis - Hyattsville,OTHER_REGULATED_POINT,2486 Chillum Road Hyattsville Maryland 20782,,Prince George's,,US,38.9519,-76.9678,https://storycannabis.com/dispensary-locations/maryland/hyattsville-md/,https://cannabis.maryland.gov/Pages/Data-Dashboard.aspx,UNKNOWN_STATUS,UNKNOWN_STATUS,OFFICIAL_MCA_DATA_DASHBOARD,PROVEN,STRONG
DA-23-00097,"Allegany Medical Marijuana Dispensary, LLC",The Apothecarium Dispensary - Cumberland,OTHER_REGULATED_POINT,100 Beall Street Cumberland Maryland 21502,,Allegany,,US,39.6476,-78.769,https://apothecarium.com/dispensaries/cumberland-dispensary/,https://cannabis.maryland.gov/Pages/Data-Dashboard.aspx,UNKNOWN_STATUS,UNKNOWN_STATUS,OFFICIAL_MCA_DATA_DASHBOARD,PROVEN,STRONG
DA-23-00098,"Euphoria Wellness Maryland, LLC",Verilife - New Market,OTHER_REGULATED_POINT,11717 Old National Pike Unit 16 New Market Maryland 21774,,Frederick,,US,39.3837,-77.2581,https://www.verilife.com/md/locations/new-market,https://cannabis.maryland.gov/Pages/Data-Dashboard.aspx,UNKNOWN_STATUS,UNKNOWN_STATUS,OFFICIAL_MCA_DATA_DASHBOARD,PROVEN,STRONG
DA-23-00099,"G&J Pharmaceuticals, LLC",Greenwave Maryland,OTHER_REGULATED_POINT,70 Holiday Drive Solomons Maryland 20688,,Calvert,,US,38.3385,-76.4659,https://greenwavemd.com/,https://cannabis.maryland.gov/Pages/Data-Dashboard.aspx,UNKNOWN_STATUS,UNKNOWN_STATUS,OFFICIAL_MCA_DATA_DASHBOARD,PROVEN,STRONG
DA-23-00100,"Trilogy Wellness of Maryland, LLC",Trilogy Wellness,OTHER_REGULATED_POINT,9291 Baltimore National Pike Ellicott City Maryland 21042,,Howard,,US,39.2769,-76.8317,https://trilogy.health/,https://cannabis.maryland.gov/Pages/Data-Dashboard.aspx,UNKNOWN_STATUS,UNKNOWN_STATUS,OFFICIAL_MCA_DATA_DASHBOARD,PROVEN,STRONG
DA-23-00101,"Dispensary Works, LLC",Dispensary Works,OTHER_REGULATED_POINT,"10766 Demarr Rd., Suite 3a Suite 3a White Plains Maryland 20695",,Charles,,US,38.5873,-76.9379,https://dispensaryworks.com/,https://cannabis.maryland.gov/Pages/Data-Dashboard.aspx,UNKNOWN_STATUS,UNKNOWN_STATUS,OFFICIAL_MCA_DATA_DASHBOARD,PROVEN,STRONG
DA-23-00102,"AGG Wellness, LLC",Zen Leaf - Towson,OTHER_REGULATED_POINT,1608 E Joppa Rd Towson Maryland 21286,,Baltimore,,US,39.3971,-76.5668,https://zenleafdispensaries.com/locations/towson/,https://cannabis.maryland.gov/Pages/Data-Dashboard.aspx,UNKNOWN_STATUS,UNKNOWN_STATUS,OFFICIAL_MCA_DATA_DASHBOARD,PROVEN,STRONG
DA-23-00103,"Chesacanna Acquisitions, Inc",Chesacanna,OTHER_REGULATED_POINT,10534 York Road Cockeysville Maryland 21030,,Baltimore,,US,39.4767,-76.6424,https://chesacanna.com/,https://cannabis.maryland.gov/Pages/Data-Dashboard.aspx,UNKNOWN_STATUS,UNKNOWN_STATUS,OFFICIAL_MCA_DATA_DASHBOARD,PROVEN,STRONG
DA-23-00104,"Farmalogics Health and Wellness, LLC",Ascend Dispensary - Ellicott City,OTHER_REGULATED_POINT,10169 Baltimore National Pike Ellicott City Maryland 21042,,Howard,,US,39.2792,-76.8627,https://letsascend.com/menu/maryland/ellicott-city-med,https://cannabis.maryland.gov/Pages/Data-Dashboard.aspx,UNKNOWN_STATUS,UNKNOWN_STATUS,OFFICIAL_MCA_DATA_DASHBOARD,PROVEN,STRONG
DA-23-00105,"Callie's Cannabis Shoppe, LLC",Remedy - Baltimore,OTHER_REGULATED_POINT,7165c Security Blvd. Windsor Mill Maryland 21244,,Baltimore,,US,39.3128,-76.7574,https://remedymaryland.com/locations/maryland/baltimore-dispensary/,https://cannabis.maryland.gov/Pages/Data-Dashboard.aspx,UNKNOWN_STATUS,UNKNOWN_STATUS,OFFICIAL_MCA_DATA_DASHBOARD,PROVEN,STRONG
DA-23-00106,"Blu Pharms, LLC",Ascend Dispensary - Laurel,OTHER_REGULATED_POINT,14703 Baltimore Avenue Laurel Maryland 20707,,Prince George's,,US,39.0917,-76.8561,https://letsascend.com/locations/maryland/laurel/,https://cannabis.maryland.gov/Pages/Data-Dashboard.aspx,UNKNOWN_STATUS,UNKNOWN_STATUS,OFFICIAL_MCA_DATA_DASHBOARD,PROVEN,STRONG
DA-23-00107,"Durjaya, LLC",Ascend Dispensary - Crofton,OTHER_REGULATED_POINT,1657 Crofton Blvd Crofton Maryland 21114,,Anne Arundel,,US,39.0157,-76.6982,https://letsascend.com/menu/maryland/crofton-rec,https://cannabis.maryland.gov/Pages/Data-Dashboard.aspx,UNKNOWN_STATUS,UNKNOWN_STATUS,OFFICIAL_MCA_DATA_DASHBOARD,PROVEN,STRONG
DA-23-00108,"Alternative Medicine Maryland, LLC",Green Point Dispensary - Laurel,OTHER_REGULATED_POINT,116 Washington Blvd S Laurel Maryland 20707,,Prince George's,,US,39.1034,-76.844,https://www.gpwellness.com/laurel-menu,https://cannabis.maryland.gov/Pages/Data-Dashboard.aspx,UNKNOWN_STATUS,UNKNOWN_STATUS,OFFICIAL_MCA_DATA_DASHBOARD,PROVEN,STRONG
DA-23-00109,"Alternative Medicine Maryland, LLC",Green Point Dispensary - Millersville,OTHER_REGULATED_POINT,8100 Veteran'S Highway Millersville Maryland 21108,,Anne Arundel,,US,39.1195,-76.6357,https://www.gpwellness.com/millersville-menu,https://cannabis.maryland.gov/Pages/Data-Dashboard.aspx,UNKNOWN_STATUS,UNKNOWN_STATUS,OFFICIAL_MCA_DATA_DASHBOARD,PROVEN,STRONG
DA-23-00113,"MCP OPCO, LLC",District Cannabis,OTHER_REGULATED_POINT,17276 Valley Mall Rd. Hagerstown Maryland 21740,,Washington,,US,39.6273,-77.7734,https://districtcannabis.us/,https://cannabis.maryland.gov/Pages/Data-Dashboard.aspx,UNKNOWN_STATUS,UNKNOWN_STATUS,OFFICIAL_MCA_DATA_DASHBOARD,PROVEN,STRONG
DA-23-00114,"Standard Wellness Maryland, LLC",The Forest - Canton,OTHER_REGULATED_POINT,3301 Boston Street Baltimore Maryland 21224,,Baltimore City,,US,39.2762,-76.5688,https://theforestdispensary.com/baltimore-md,https://cannabis.maryland.gov/Pages/Data-Dashboard.aspx,UNKNOWN_STATUS,UNKNOWN_STATUS,OFFICIAL_MCA_DATA_DASHBOARD,PROVEN,STRONG
DA-24-00027,"Kind Therapeutics USA, LLC",Thrive Dispensary - Upper Marlboro,OTHER_REGULATED_POINT,9520 Marlboro Pike Units 103 And 104 Upper Marlboro Maryland 20772,,Prince George's,,US,38.8178,-76.8418,https://thrivedispensaries.com,https://cannabis.maryland.gov/Pages/Data-Dashboard.aspx,UNKNOWN_STATUS,UNKNOWN_STATUS,OFFICIAL_MCA_DATA_DASHBOARD,PROVEN,STRONG
DA-24-00028,"Deja Vu MD, LLC",Nirvana - Downtown Baltimore,OTHER_REGULATED_POINT,805 N. Howard St. Baltimore Maryland 21201,,Baltimore City,,US,39.2986,-76.6198,https://nirvanacannabis.com/,https://cannabis.maryland.gov/Pages/Data-Dashboard.aspx,UNKNOWN_STATUS,UNKNOWN_STATUS,OFFICIAL_MCA_DATA_DASHBOARD,PROVEN,STRONG
DA-25-00001,"Arock Holdings, LLC",Kent Reserve,OTHER_REGULATED_POINT,400 Cypress St. Millington Maryland 21651,,Kent,,US,39.2586,-75.8369,https://kentreserve.com/,https://cannabis.maryland.gov/Pages/Data-Dashboard.aspx,UNKNOWN_STATUS,UNKNOWN_STATUS,OFFICIAL_MCA_DATA_DASHBOARD,PROVEN,STRONG
DA-25-00002,"Viola Maryland, Inc.","Viola, a collaboration with Far & Dotter",OTHER_REGULATED_POINT,1852 Reisterstown Rd Suite 100 Pikesville Maryland 21208,,Baltimore,,US,39.3901,-76.7414,https://fardotter.com/dispensaries/pikesville/,https://cannabis.maryland.gov/Pages/Data-Dashboard.aspx,UNKNOWN_STATUS,UNKNOWN_STATUS,OFFICIAL_MCA_DATA_DASHBOARD,PROVEN,STRONG
DA-25-00004,Caroline Pharma Limited Liability Company,Caroline Pharma,OTHER_REGULATED_POINT,321 Bloomingdale Avenue Federalsburg Maryland 21632,,Caroline,,US,38.6972,-75.7859,https://carolinepharma.com/,https://cannabis.maryland.gov/Pages/Data-Dashboard.aspx,UNKNOWN_STATUS,UNKNOWN_STATUS,OFFICIAL_MCA_DATA_DASHBOARD,PROVEN,STRONG
DA-25-00005,"Addy EOH, LLC",FLWR,OTHER_REGULATED_POINT,101 E. Chesapeake Ave. Towson Maryland 21286,,Baltimore,,US,39.3994,-76.601,https://flwrdispensary.com/,https://cannabis.maryland.gov/Pages/Data-Dashboard.aspx,UNKNOWN_STATUS,UNKNOWN_STATUS,OFFICIAL_MCA_DATA_DASHBOARD,PROVEN,STRONG
DA-25-00006,"Elevated Mind & Wellness, LLC",Elevated Dispo,OTHER_REGULATED_POINT,733 S. Salisbury Blvd. Salisbury Maryland 21801,,Wicomico,,US,38.3564,-75.5997,https://www.elevateddispo.net/,https://cannabis.maryland.gov/Pages/Data-Dashboard.aspx,UNKNOWN_STATUS,UNKNOWN_STATUS,OFFICIAL_MCA_DATA_DASHBOARD,PROVEN,STRONG
DA-25-00007,MDSA CORP,KOAN Cannabis,OTHER_REGULATED_POINT,10306 Ezra Drive Hagerstown Maryland 21740,,Washington,,US,39.5984,-77.7288,https://koandispensary.com/,https://cannabis.maryland.gov/Pages/Data-Dashboard.aspx,UNKNOWN_STATUS,UNKNOWN_STATUS,OFFICIAL_MCA_DATA_DASHBOARD,PROVEN,STRONG
DA-25-00008,"ELEVATED BOTANICS, LLC",ELEVATED RELEAF,OTHER_REGULATED_POINT,25 Liberty Rd. Sykesville Maryland 21784,,Carroll,,US,39.4225,-76.9963,https://elevatedreleaf.com/,https://cannabis.maryland.gov/Pages/Data-Dashboard.aspx,UNKNOWN_STATUS,UNKNOWN_STATUS,OFFICIAL_MCA_DATA_DASHBOARD,PROVEN,STRONG
DA-25-00009,"The Edge, LLC","The Edge, a Collaboration with Green Point",OTHER_REGULATED_POINT,85 Stewart Drive Edgewater Maryland 21037,,Anne Arundel,,US,38.935,-76.5678,https://http://theedgedispensary.com/,https://cannabis.maryland.gov/Pages/Data-Dashboard.aspx,UNKNOWN_STATUS,UNKNOWN_STATUS,OFFICIAL_MCA_DATA_DASHBOARD,PROVEN,STRONG
DA-25-00010,"Canna Stand, LLC",Stoked Dispensary,OTHER_REGULATED_POINT,1231 National Highway Lavale Maryland 21502,,Allegany,,US,38.935,-76.5678,https://stokedmd.com/,https://cannabis.maryland.gov/Pages/Data-Dashboard.aspx,UNKNOWN_STATUS,UNKNOWN_STATUS,OFFICIAL_MCA_DATA_DASHBOARD,PROVEN,STRONG
DA-26-00001,"Jenny's of Maryland I, Inc.","Jenny's Dispensary, in collaboration with Nirvana Cannabis",OTHER_REGULATED_POINT,9354 Lanham Severn Rd. Seabrook Maryland 20706,,Prince George's,,US,38.9709,-76.8497,https://www.jennysmaryland.com/,https://cannabis.maryland.gov/Pages/Data-Dashboard.aspx,UNKNOWN_STATUS,UNKNOWN_STATUS,OFFICIAL_MCA_DATA_DASHBOARD,PROVEN,STRONG
DA-26-00002,"Ever Growing Ventures, LLC",Evergrowing Releaf,OTHER_REGULATED_POINT,8620 Snowden River Parkway Columbia Maryland 21045,,Howard,,US,39.1978,-76.8098,https://evergrowingreleaf.com/,https://cannabis.maryland.gov/Pages/Data-Dashboard.aspx,UNKNOWN_STATUS,UNKNOWN_STATUS,OFFICIAL_MCA_DATA_DASHBOARD,PROVEN,STRONG
DA-26-00003,"KINDEQUITY, LLC",Happi Daze,OTHER_REGULATED_POINT,30361 Mount Vernon Rd. Princess Anne Maryland 21853,,Somerset,,US,38.2137,-75.6986,https://happidazebuds.com/,https://cannabis.maryland.gov/Pages/Data-Dashboard.aspx,UNKNOWN_STATUS,UNKNOWN_STATUS,OFFICIAL_MCA_DATA_DASHBOARD,PROVEN,STRONG
DA-26-00004,"MJMS, LLC",Treehouse Dispensary,OTHER_REGULATED_POINT,9413 Harford Rd. Parkville Maryland 21234,,Baltimore,,US,39.3927,-76.526,https://www.treehousemd.com/,https://cannabis.maryland.gov/Pages/Data-Dashboard.aspx,UNKNOWN_STATUS,UNKNOWN_STATUS,OFFICIAL_MCA_DATA_DASHBOARD,PROVEN,STRONG
DA-26-00005,"Jai Shiv Shakti, LLC",The Ryvanta,OTHER_REGULATED_POINT,9600 Pulaski Highway Middle River Maryland 21220,,Baltimore,,US,39.3537,-76.4546,https://theryvanta.com/,https://cannabis.maryland.gov/Pages/Data-Dashboard.aspx,UNKNOWN_STATUS,UNKNOWN_STATUS,OFFICIAL_MCA_DATA_DASHBOARD,PROVEN,STRONG
DA-26-00006,"Crabtree Dispensary, LLC",Crabtree Dispensary,OTHER_REGULATED_POINT,3740 University Blvd. W. Kensington Maryland 20895,,Montgomery,,US,39.0327,-77.0734,https://crabtreedispensary.com/,https://cannabis.maryland.gov/Pages/Data-Dashboard.aspx,UNKNOWN_STATUS,UNKNOWN_STATUS,OFFICIAL_MCA_DATA_DASHBOARD,PROVEN,STRONG
DA-26-00007,"DMV Exclusives, LLC",Coastal Cure,OTHER_REGULATED_POINT,9315 Ocean Highway Delmar Maryland 21875,,Wicomico,,US,38.44815794,-75.55891045,https://coastalcurecannabis.com/,https://cannabis.maryland.gov/Pages/Data-Dashboard.aspx,UNKNOWN_STATUS,UNKNOWN_STATUS,OFFICIAL_MCA_DATA_DASHBOARD,PROVEN,STRONG
DA-26-00008,Sasek Enterprises LLC,"The Reserve, a collaboration with Mana",OTHER_REGULATED_POINT,8230 Ritchie Highway Pasadena Maryland 21122,,Anne Arundel,,US,39.1175,-76.5826,https://manasupply.com/shop/pasadena-maryland,https://cannabis.maryland.gov/Pages/Data-Dashboard.aspx,UNKNOWN_STATUS,UNKNOWN_STATUS,OFFICIAL_MCA_DATA_DASHBOARD,PROVEN,STRONG
DA-26-00009,"Checks and Balance, LLC",Southern Waves Dispensary,OTHER_REGULATED_POINT,22805 Three Notch Rd California Maryland 20619,,St. Mary's,,US,38.29340397,-76.49969902,https://southernwavesmd.com/,https://cannabis.maryland.gov/Pages/Data-Dashboard.aspx,UNKNOWN_STATUS,UNKNOWN_STATUS,OFFICIAL_MCA_DATA_DASHBOARD,PROVEN,STRONG
DA-26-00011,Mint Green Inc.,Mint Green Inc.,OTHER_REGULATED_POINT,13400 Baltimore Ave. Laurel Maryland 20707,,Prince George's,,US,39.07450833,-76.87118648,https://www.mintgreeninc.com/,https://cannabis.maryland.gov/Pages/Data-Dashboard.aspx,UNKNOWN_STATUS,UNKNOWN_STATUS,OFFICIAL_MCA_DATA_DASHBOARD,PROVEN,STRONG
